data_id,state_id,indicator_id,categories_id,nfhs_id,ST,Non-ST,Total
1,35,1,1,2,958,963,963
2,35,2,1,2,959,844,856
3,35,3,1,2,86.4,91.1,90.7
4,35,4,1,2,78.7,84.1,83.6
5,35,5,1,2,57.1,52.1,52.5
6,35,6,1,2,13.1,16.5,16.2
7,35,7,1,2,97.2,97.8,97.7
8,35,8,1,2,31.4,9.9,11.6
9,35,9,1,2,12.1,11.4,11.4
10,35,10,1,2,98,97.4,97.5
11,35,11,1,2,98.2,96.2,96.4
12,35,12,1,2,97.4,95.8,95.9
13,35,13,1,2,2.2,3.8,3.7
14,35,14,1,2,55.6,81.8,79.8
15,35,15,1,2,27.3,73.3,69.7
16,35,16,1,2,63.2,80,78.7
17,35,17,1,2,2.4,1.8,1.8
18,35,18,1,2,1.1,0.9,0.9
19,35,19,2,2,13.1,36,34.2
20,35,20,2,2,84.6,97.6,96.6
21,35,21,2,2,71.7,86.3,85.1
22,35,22,2,2,24.4,36.4,34.8
23,35,23,3,2,100,98.7,98.8
24,35,24,3,2,58,66.4,65.8
25,35,25,3,2,45.1,38.7,39.2
26,35,26,3,2,0,0.2,0.2
27,35,27,3,2,96.5,80.8,81.9
28,35,28,3,2,10.8,13.7,13.5
29,35,29,3,2,3.7,6.3,6.1
30,35,30,4,2,1.1,3.2,3
31,35,31,4,2,70.6,77.8,77.1
32,35,32,4,2,77.3,84.3,83.6
33,35,33,4,2,74.8,81.6,80.9
34,35,34,4,2,57.5,66.9,65.9
35,35,35,4,2,99.3,98.9,98.9
36,35,36,4,2,69.6,58.5,59.6
37,35,37,4,2,47.4,40.5,41.2
38,35,38,4,2,56.9,50.6,51.2
39,35,39,5,2,98.9,99,98.9
40,35,40,5,2,98.9,85.8,87.3
41,35,41,5,2,15.5,31.6,29.9
42,35,42,5,2,50.7,39.5,42.3
43,35,43,5,2,15.7,24.8,23.6
44,35,44,5,2,6.3,0.1,0.7
45,35,45,5,2,2463,4638,4378
46,35,46,6,2,87.2,89.3,89.1
47,35,47,6,2,0,0,0
48,35,48,7,2,95.4,97.7,97.4
49,35,49,7,2,67.2,69.6,69.4
50,35,50,7,2,67.2,78.1,77.2
51,35,51,7,2,32.2,41.9,40.9
52,35,52,7,2,6.2,5.6,5.6
53,35,53,7,2,100,81.6,83.9
54,35,54,7,2,59.9,65.7,65
55,35,55,7,2,35.7,45.2,44
56,35,56,7,2,35.7,33.1,33.4
57,35,57,7,2,0.9,1.7,1.7
58,35,58,7,2,100,32.1,36.2
59,35,59,8,2,14.7,17.7,17.4
60,35,60,8,2,57.4,45.8,46.9
61,35,61,8,2,55,75.7,73.3
62,35,62,8,2,15.1,19.8,19.5
63,35,63,8,2,21.9,22.5,22.5
64,35,64,8,2,15.8,16,16
65,35,65,8,2,4.5,4.9,4.8
66,35,66,8,2,18.1,24.2,23.6
67,35,67,8,2,1.1,5.9,5.4
68,35,68,8,2,30.5,40.9,40
69,35,69,8,2,56.2,48,48.8
70,35,70,8,2,51.8,41.8,42.9
71,35,71,8,2,26,33.7,32.9
72,35,72,8,2,30.4,27.9,28.2
73,35,73,8,2,57.2,50.8,51.5
74,35,74,8,2,78.3,62.5,64.4
75,35,75,9,2,6.4,9.7,9.4
76,35,76,9,2,0,5.1,4.4
77,35,77,9,2,43.9,37.6,38.1
78,35,78,9,2,49.3,43.5,44.3
79,35,79,9,2,42.8,58.3,56.3
80,35,80,9,2,61.4,78.7,77.3
81,35,81,9,2,55.6,53.5,53.7
82,35,82,9,2,30.5,59.8,57.5
83,35,83,10,2,7.5,11.8,11.4
84,35,84,10,2,16.8,17.9,17.8
85,35,85,11,2,28.6,14.2,15.1
86,35,86,11,2,31.7,20.9,21.5
87,35,87,12,2,70.2,27.7,31.3
88,35,88,12,2,82,56.5,58.7
89,35,89,12,2,31.5,2.6,5
90,35,90,12,2,69,36,38.8
91,35,91,13,2,42.5,31.7,32.5
92,35,92,13,2,800,100,200
93,35,93,13,2,96,96.1,96.1
94,35,94,13,2,94.5,79.5,81.7
95,35,95,14,2,23.5,24.7,24.6
96,35,96,14,2,22.8,14.7,15.8
97,35,97,14,2,74.2,91.5,89.2
98,35,98,14,2,50.2,85.5,80.8
99,35,99,15,2,21.5,19.7,19.9
100,35,100,15,2,9.1,5.7,6.1
101,35,101,15,2,0,0.4,0.4
102,35,102,15,2,1.6,0,1.5
103,35,103,16,2,93.4,99,98.3
104,35,104,16,2,99.1,92.5,93.5
105,35,105,16,2,93.4,98,97.4
106,35,106,16,2,99.1,92,93.1
107,35,107,16,2,17.7,14.5,14.9
108,35,108,16,2,18,35.4,32.9
109,35,109,17,2,10.1,20.6,19.8
110,35,110,17,2,35,54.6,53.1
111,35,111,17,2,6.6,3.9,4.1
112,35,112,17,2,1.8,2.2,2.2
113,35,113,17,2,8.7,2.6,2.9
114,35,114,17,2,6.6,7.7,7.7
115,28,1,1,2,*,905,905
116,28,2,1,2,*,850,852
117,28,3,1,2,68.8,80,79.6
118,28,4,1,2,53.2,66.1,65.6
119,28,5,1,2,27.4,40.2,39.6
120,28,6,1,2,37.3,28.9,29.3
121,28,7,1,2,93.5,96.7,96.6
122,28,8,1,2,92.9,89.7,89.8
123,28,9,1,2,36.5,28.7,29.1
124,28,10,1,2,96.9,99.2,99.1
125,28,11,1,2,80.6,97.3,96.7
126,28,12,1,2,65.1,83.2,82.4
127,28,13,1,2,33.7,15.6,16.3
128,28,14,1,2,52.9,84.9,83.6
129,28,15,1,2,65.7,85.4,84.6
130,28,16,1,2,43.6,52.2,51.9
131,28,17,1,2,85.1,80,80.2
132,28,18,1,2,0.9,0.9,0.9
133,28,19,2,2,19.4,33.2,32.7
134,28,20,2,2,81.3,91.6,91.2
135,28,21,2,2,73.7,79.1,78.8
136,28,22,2,2,11.1,21.3,21
137,28,23,3,2,75.5,85.7,85.2
138,28,24,3,2,56.7,71.7,71.1
139,28,25,3,2,53.6,70.3,69.6
140,28,26,3,2,2.4,0.4,0.4
141,28,27,3,2,89.5,70.1,70.8
142,28,28,3,2,6.5,4.6,4.7
143,28,29,3,2,5,2.5,2.6
144,28,30,4,2,21.7,12.1,12.6
145,28,31,4,2,80.8,81.8,81.7
146,28,32,4,2,59.8,67.9,67.5
147,28,33,4,2,69.9,70.3,70.3
148,28,34,4,2,39.6,47.2,46.8
149,28,35,4,2,97.8,96.5,96.5
150,28,36,4,2,82.3,78.6,78.8
151,28,37,4,2,92.2,83.3,83.8
152,28,38,4,2,95.2,84.4,85.1
153,28,39,5,2,89.3,97,96.5
154,28,40,5,2,72.3,49,50.4
155,28,41,5,2,21.7,43.7,42.4
156,28,42,5,2,NA,43.2,39.9
157,28,43,5,2,16.2,27.5,26.6
158,28,44,5,2,45.3,23.2,24.4
159,28,45,5,2,2844,9888,9472
160,28,46,6,2,82.2,91.8,91.3
161,28,47,6,2,NA,NA,10.5
162,28,48,7,2,72.6,93.2,92
163,28,49,7,2,*,72.5,72.2
164,28,50,7,2,*,87,87
165,28,51,7,2,39,39.7,39.6
166,28,52,7,2,5.3,7.3,7.2
167,28,53,7,2,*,76.8,77.3
168,28,54,7,2,*,63.2,62.5
169,28,55,7,2,*,41.7,41.8
170,28,56,7,2,*,29.3,29.2
171,28,57,7,2,2.3,2.4,2.4
172,28,58,7,2,*,53.7,53.1
173,28,59,8,2,17.4,16.1,16.2
174,28,60,8,2,55.7,51.8,52
175,28,61,8,2,*,66.9,68
176,28,62,8,2,*,8.5,8.3
177,28,63,8,2,44.5,30.3,31.2
178,28,64,8,2,20,15.8,16.1
179,28,65,8,2,3.8,6.1,6
180,28,66,8,2,45.2,28.7,29.6
181,28,67,8,2,1.2,2.8,2.7
182,28,68,8,2,79.5,63.3,64.2
183,28,69,8,2,84.7,75.1,75.6
184,28,70,8,2,87,86.2,86.2
185,28,71,8,2,15.9,18.3,18.2
186,28,72,8,2,20.9,21.2,21.2
187,28,73,8,2,85,75.4,75.9
188,28,74,8,2,84.6,84.4,84.4
189,28,75,9,2,21,14.6,14.8
190,28,76,9,2,28.5,16.2,16.6
191,28,77,9,2,21.9,36.9,36.2
192,28,78,9,2,12,31.9,31.1
193,28,79,9,2,51.8,53.4,53.3
194,28,80,9,2,53,48.6,48.8
195,28,81,9,2,*,52.9,53.7
196,28,82,9,2,62.6,58.7,58.8
197,28,83,10,2,10.1,11.7,11.6
198,28,84,10,2,12.4,22.2,21.8
199,28,85,11,2,10.5,13.5,13.4
200,28,86,11,2,11.8,20.8,20.4
201,28,87,12,2,11.2,3.5,3.8
202,28,88,12,2,34.3,22.1,22.6
203,28,89,12,2,3.6,0.4,0.5
204,28,90,12,2,35.9,22.6,23.1
205,28,91,13,2,46.8,15.5,16.8
206,28,92,13,2,300,200,200
207,28,93,13,2,79.9,85.9,85.7
208,28,94,13,2,77.2,80.3,80.2
209,28,95,14,2,50.1,41.8,42.1
210,28,96,14,2,69.9,47.1,47.8
211,28,97,14,2,90.7,81.5,81.8
212,28,98,14,2,45.1,49.1,48.9
213,28,99,15,2,*,34.6,35
214,28,100,15,2,*,27.9,28.3
215,28,101,15,2,*,3.3,3.6
216,28,102,15,2,*,0.9,1
217,28,103,16,2,81.2,91.9,91.5
218,28,104,16,2,89.5,96.7,96.4
219,28,105,16,2,81.2,91.8,91.4
220,28,106,16,2,88.2,96.6,96.2
221,28,107,16,2,23.2,24.6,24.6
222,28,108,16,2,29.4,38.2,37.8
223,28,109,17,2,32.6,29.1,29.2
224,28,110,17,2,66.9,57.3,57.7
225,28,111,17,2,2.3,3.8,3.7
226,28,112,17,2,4.4,4.6,4.5
227,28,113,17,2,1.3,3.4,3.3
228,28,114,17,2,3,6.8,6.6
229,12,1,1,2,1010,955,997
230,12,2,1,2,950,988,959
231,12,3,1,2,81.2,84.1,81.9
232,12,4,1,2,70.4,73.8,71.2
233,12,5,1,2,41.7,32.1,39.4
234,12,6,1,2,17.6,22.2,18.8
235,12,7,1,2,90.9,88.9,90.5
236,12,8,1,2,65.8,38.2,59.4
237,12,9,1,2,62.8,33,55.8
238,12,10,1,2,94.8,94.5,94.7
239,12,11,1,2,94.8,92.1,94.2
240,12,12,1,2,92.9,89.2,92
241,12,13,1,2,1.3,1.9,1.5
242,12,14,1,2,52.3,56.1,53.2
243,12,15,1,2,22.7,30.4,24.5
244,12,16,1,2,69.1,71.5,69.6
245,12,17,1,2,29.8,27.5,29.3
246,12,18,1,2,0.6,0.4,0.6
247,12,19,2,2,55.9,71.9,59.6
248,12,20,2,2,89.5,92.8,90.3
249,12,21,2,2,46.6,46.5,46.6
250,12,22,2,2,55.3,46.9,52.9
251,12,23,3,2,92.7,90.1,92
252,12,24,3,2,57.2,64.7,59.1
253,12,25,3,2,19.2,15.4,18.2
254,12,26,3,2,0,0,0
255,12,27,3,2,74.4,58.5,70.4
256,12,28,3,2,13.4,9.6,12.4
257,12,29,3,2,7.7,5,7
258,12,30,4,2,5.5,7.4,6
259,12,31,4,2,51,59.3,53.1
260,12,32,4,2,36,38.4,36.6
261,12,33,4,2,20.4,34.2,23.8
262,12,34,4,2,12.7,19.6,14.4
263,12,35,4,2,95.3,96.4,95.6
264,12,36,4,2,26.3,30.4,27.3
265,12,37,4,2,17,22.8,18.4
266,12,38,4,2,24.8,30.7,26.3
267,12,39,5,2,80.3,75.8,79.2
268,12,40,5,2,75.9,71.6,74.8
269,12,41,5,2,15.8,11.6,14.8
270,12,42,5,2,18.2,21.8,19.2
271,12,43,5,2,18.1,13.5,17
272,12,44,5,2,8.1,10.1,8.6
273,12,45,5,2,13200,9310,12170
274,12,46,6,2,58.4,61.6,59.2
275,12,47,6,2,0,0,0
276,12,48,7,2,87,90.1,87.7
277,12,49,7,2,47.7,48.2,47.8
278,12,50,7,2,60.5,60,60.4
279,12,51,7,2,30.3,32.6,30.9
280,12,52,7,2,5.7,3.3,5.1
281,12,53,7,2,56.6,53.8,56.2
282,12,54,7,2,63.7,57.2,62.7
283,12,55,7,2,27.1,32.1,27.9
284,12,56,7,2,20.4,31.1,22.1
285,12,57,7,2,2.3,1.3,2.1
286,12,58,7,2,50.6,34.9,48.2
287,12,59,8,2,8.9,16.1,10.6
288,12,60,8,2,50.5,56.6,52
289,12,61,8,2,62.2,67,63.4
290,12,62,8,2,19.4,26.7,21.3
291,12,63,8,2,27.9,28.3,28
292,12,64,8,2,13.2,12.7,13.1
293,12,65,8,2,7.1,4.5,6.5
294,12,66,8,2,13.7,21.1,15.4
295,12,67,8,2,10.8,6,9.6
296,12,68,8,2,53.6,64.7,56.1
297,12,69,8,2,34.1,36.8,34.7
298,12,70,8,2,23.1,27.9,24.3
299,12,71,8,2,24.6,23.6,24.4
300,12,72,8,2,21.4,22.2,21.6
301,12,73,8,2,23,28.5,24.4
302,12,74,8,2,59.6,54.3,58.1
303,12,75,9,2,4.2,10.2,5.7
304,12,76,9,2,3.6,7.8,4.8
305,12,77,9,2,25.1,20.3,23.9
306,12,78,9,2,30.2,21.3,27.7
307,12,79,9,2,45.2,49.8,46.4
308,12,80,9,2,69.7,66.9,69
309,12,81,9,2,16.5,47.4,22.5
310,12,82,9,2,36.3,52.4,40.3
311,12,83,10,2,6.1,6.5,6.2
312,12,84,10,2,11.7,12.6,11.9
313,12,85,11,2,19,18.6,18.9
314,12,86,11,2,26.7,23.8,25.9
315,12,87,12,2,17.9,22,18.8
316,12,88,12,2,48.4,56.3,50.3
317,12,89,12,2,25.7,19.3,24.2
318,12,90,12,2,52.9,51.8,52.6
319,12,91,13,2,74.9,90.6,78.6
320,12,92,13,2,600,200,500
321,12,93,13,2,83.7,87.2,84.6
322,12,94,13,2,90,92.8,90.7
323,12,95,14,2,24,22.1,23.5
324,12,96,14,2,73.3,62.2,70.2
325,12,97,14,2,81,71.1,78.2
326,12,98,14,2,79.2,69.2,76.4
327,12,99,15,2,25.2,26,25.4
328,12,100,15,2,18.5,20.8,19.1
329,12,101,15,2,2.4,3,2.6
330,12,102,15,2,0,0.8,0.6
331,12,103,16,2,90.2,93.8,91.2
332,12,104,16,2,96.7,98,97.1
333,12,105,16,2,89.1,92,89.9
334,12,106,16,2,96.5,97.9,96.9
335,12,107,16,2,13.7,8.8,12.3
336,12,108,16,2,34.6,26.2,32.3
337,12,109,17,2,7.8,16.1,10
338,12,110,17,2,41.6,55.2,45.2
339,12,111,17,2,3.1,2.4,2.9
340,12,112,17,2,3.8,3.6,3.8
341,12,113,17,2,7.8,7,7.6
342,12,114,17,2,12.7,8.9,11.7
343,18,1,1,2,1018,1011,1012
344,18,2,1,2,922,977,970
345,18,3,1,2,86.7,86.3,86.3
346,18,4,1,2,77.6,78.3,78.2
347,18,5,1,2,32.6,29.1,29.6
348,18,6,1,2,25.6,32.6,31.8
349,18,7,1,2,12.9,14.5,14.3
350,18,8,1,2,56.3,48.8,49.7
351,18,9,1,2,51.3,33.5,35.8
352,18,10,1,2,94.9,92.4,92.7
353,18,11,1,2,79.1,87.4,86.4
354,18,12,1,2,80.7,78.8,79.1
355,18,13,1,2,6.4,3.9,4.2
356,18,14,1,2,37.1,42.9,42.1
357,18,15,1,2,26.9,32.2,31.6
358,18,16,1,2,53.7,55,54.8
359,18,17,1,2,68,66.5,66.7
360,18,18,1,2,0.5,0.8,0.8
361,18,19,2,2,44,42.6,42.8
362,18,20,2,2,92.5,91.9,91.9
363,18,21,2,2,42.1,42.1,42.1
364,18,22,2,2,30.2,27.9,28.2
365,18,23,3,2,75.6,65.8,67
366,18,24,3,2,63.2,60.5,60.8
367,18,25,3,2,11,8.7,9
368,18,26,3,2,0.1,0.1,0.1
369,18,27,3,2,59.7,47.4,48.9
370,18,28,3,2,10.2,11.1,11
371,18,29,3,2,3.9,4.2,4.1
372,18,30,4,2,9.2,12,11.7
373,18,31,4,2,65.9,63.6,63.8
374,18,32,4,2,59.9,49.5,50.7
375,18,33,4,2,48.2,47.4,47.5
376,18,34,4,2,29.1,26.6,26.9
377,18,35,4,2,99,98.7,98.7
378,18,36,4,2,60,58,58.2
379,18,37,4,2,54.8,50.1,50.6
380,18,38,4,2,72.7,66.1,66.8
381,18,39,5,2,89.8,83.4,84.1
382,18,40,5,2,81.9,73.5,74.4
383,18,41,5,2,20.9,17.8,18.1
384,18,42,5,2,29.4,15.5,16.5
385,18,43,5,2,19,14.7,15.2
386,18,44,5,2,53.3,45.1,46.1
387,18,45,5,2,8706,8904,8879
388,18,46,6,2,72.7,69.3,69.6
389,18,47,6,2,0,0,0
390,18,48,7,2,96.7,96.2,96.3
391,18,49,7,2,38.2,42.3,41.9
392,18,50,7,2,46.7,52.9,52.2
393,18,51,7,2,26.1,28.5,28.3
394,18,52,7,2,4.9,5.5,5.5
395,18,53,7,2,59.2,72.7,71.4
396,18,54,7,2,62.1,69.8,69.1
397,18,55,7,2,22.1,28.6,28
398,18,56,7,2,17.5,24.1,23.5
399,18,57,7,2,2.2,2.5,2.5
400,18,58,7,2,44.4,57.7,56.5
401,18,59,8,2,11.2,16.8,16.1
402,18,60,8,2,52.7,48.6,49.1
403,18,61,8,2,67.7,63.3,63.7
404,18,62,8,2,9.9,7.7,7.9
405,18,63,8,2,31,35.8,35.3
406,18,64,8,2,19.1,22.1,21.7
407,18,65,8,2,9.1,9,9
408,18,66,8,2,26.4,33.6,32.8
409,18,67,8,2,6.2,4.7,4.8
410,18,68,8,2,77.4,69.4,70.3
411,18,69,8,2,65.4,65.3,65.3
412,18,70,8,2,66.8,63.1,63.5
413,18,71,8,2,13.3,16,15.7
414,18,72,8,2,9,14.1,13.5
415,18,73,8,2,50.1,52.1,51.9
416,18,74,8,2,61.9,63.8,63.6
417,18,75,9,2,11.8,18.5,17.7
418,18,76,9,2,6.7,14.3,13.3
419,18,77,9,2,16.7,14.9,15.2
420,18,78,9,2,18.8,15.9,16.3
421,18,79,9,2,43.1,45.2,44.9
422,18,80,9,2,62.2,67.8,67.1
423,18,81,9,2,61.9,53.1,54.2
424,18,82,9,2,69.2,65.4,65.9
425,18,83,10,2,8.5,9.2,9.1
426,18,84,10,2,14.8,16.2,16
427,18,85,11,2,14.5,12.1,12.4
428,18,86,11,2,16.9,13.9,14.3
429,18,87,12,2,19.1,22.5,22.1
430,18,88,12,2,55.9,51.2,51.8
431,18,89,12,2,28.6,4.1,7.3
432,18,90,12,2,59,20.3,25.2
433,18,91,13,2,98.4,97.6,97.7
434,18,92,13,2,300,300,300
435,18,93,13,2,95.5,94.5,94.6
436,18,94,13,2,95,91.6,92.1
437,18,95,14,2,18.2,19.1,19
438,18,96,14,2,39.3,43.2,42.7
439,18,97,14,2,81.4,78,78.5
440,18,98,14,2,59.5,56.9,57.2
441,18,99,15,2,36.9,35.1,35.4
442,18,100,15,2,29.4,26.9,27.2
443,18,101,15,2,1.6,2.3,2.2
444,18,102,15,2,1.9,0,1.7
445,18,103,16,2,97.2,94.1,94.5
446,18,104,16,2,99.5,97.7,98
447,18,105,16,2,97.2,93.5,94
448,18,106,16,2,99.5,97.5,97.8
449,18,107,16,2,19.1,19.2,19.2
450,18,108,16,2,28.5,24.4,25
451,18,109,17,2,19.9,27.7,26.8
452,18,110,17,2,70,65,65.6
453,18,111,17,2,4.8,4,4.1
454,18,112,17,2,3.5,5.5,5.3
455,18,113,17,2,5.6,4,4.2
456,18,114,17,2,6.7,5.2,5.4
457,10,1,1,2,1111,1010,1018
458,10,2,1,2,*,862,897
459,10,3,1,2,74.2,79.4,79.2
460,10,4,1,2,53.4,61.4,61.1
461,10,5,1,2,20.3,29.1,28.8
462,10,6,1,2,37.7,40.9,40.8
463,10,7,1,2,85.3,85.5,85.4
464,10,8,1,2,67.5,54.9,55.4
465,10,9,1,2,34.3,38.9,38.8
466,10,10,1,2,92.3,95.7,95.6
467,10,11,1,2,98.4,99.2,99.1
468,10,12,1,2,42.4,59,58.3
469,10,13,1,2,54.2,38.3,38.9
470,10,14,1,2,27.2,38.2,37.8
471,10,15,1,2,20.3,34.5,34
472,10,16,1,2,52.3,60.7,60.4
473,10,17,1,2,21.5,17.2,17.4
474,10,18,1,2,0.9,0.9,0.9
475,10,19,2,2,27.2,36.9,36.5
476,10,20,2,2,89.1,93.6,93.4
477,10,21,2,2,25.7,33.3,33
478,10,22,2,2,13.7,20.8,20.6
479,10,23,3,2,56.6,59.3,59.2
480,10,24,3,2,52.1,55.9,55.8
481,10,25,3,2,31.8,34.9,34.8
482,10,26,3,2,0,0.1,0.1
483,10,27,3,2,65.8,64.2,64.3
484,10,28,3,2,15.9,13.5,13.6
485,10,29,3,2,7.9,6.1,6.1
486,10,30,4,2,12.9,11,11
487,10,31,4,2,44.1,53.3,52.9
488,10,32,4,2,17.8,25.5,25.2
489,10,33,4,2,12.4,18.2,18
490,10,34,4,2,4.1,7.7,7.6
491,10,35,4,2,90.4,89.5,89.5
492,10,36,4,2,36.9,38.4,38.4
493,10,37,4,2,31.5,34.5,34.4
494,10,38,4,2,41.8,43.1,43
495,10,39,5,2,67.7,76.5,76.2
496,10,40,5,2,53.5,57,56.9
497,10,41,5,2,7.2,9.8,9.7
498,10,42,5,2,36.5,25.2,25.8
499,10,43,5,2,2.4,3.7,3.6
500,10,44,5,2,38.6,42.3,42.1
501,10,45,5,2,6083,7040,7007
502,10,46,6,2,51.3,64.7,64.2
503,10,47,6,2,1.6,1.4,1.4
504,10,48,7,2,77.7,75.7,75.8
505,10,49,7,2,71.6,70.7,70.8
506,10,50,7,2,85.4,85.2,85.2
507,10,51,7,2,35.7,29,29.3
508,10,52,7,2,13.1,13.7,13.7
509,10,53,7,2,80.3,75,75.1
510,10,54,7,2,64.5,58,58.2
511,10,55,7,2,33.6,25.3,25.6
512,10,56,7,2,24.1,19.1,19.3
513,10,57,7,2,4.2,3.5,3.5
514,10,58,7,2,*,68.4,67.8
515,10,59,8,2,14.4,16.8,16.8
516,10,60,8,2,22.1,31.4,31.1
517,10,61,8,2,71.6,58.5,58.9
518,10,62,8,2,10.9,10.7,10.7
519,10,63,8,2,46.9,42.8,42.9
520,10,64,8,2,23.8,22.9,22.9
521,10,65,8,2,7.4,8.9,8.8
522,10,66,8,2,45.9,40.8,41
523,10,67,8,2,2.1,2.4,2.4
524,10,68,8,2,70.4,70.5,70.5
525,10,69,8,2,50.3,40.9,41.3
526,10,70,8,2,45.9,45.6,45.6
527,10,71,8,2,17.3,16.4,16.4
528,10,72,8,2,19.6,13.9,14.1
529,10,73,8,2,40.8,35,35.2
530,10,74,8,2,58.6,63.9,63.7
531,10,75,9,2,29.7,25.5,25.6
532,10,76,9,2,27.9,21.5,21.7
533,10,77,9,2,13.2,16,15.9
534,10,78,9,2,12.6,14.5,14.5
535,10,79,9,2,36,47.4,47
536,10,80,9,2,59.1,60.3,60.2
537,10,81,9,2,68.2,62.9,63.1
538,10,82,9,2,64.7,63.5,63.5
539,10,83,10,2,8.4,8.1,8.1
540,10,84,10,2,14,16.4,16.4
541,10,85,11,2,9.9,8.8,8.8
542,10,86,11,2,10.7,11.2,11.1
543,10,87,12,2,6,4.9,5
544,10,88,12,2,53.1,48.6,48.8
545,10,89,12,2,0.8,0.4,0.4
546,10,90,12,2,21.6,15.2,15.4
547,10,91,13,2,80.5,78.2,78.2
548,10,92,13,2,500,400,400
549,10,93,13,2,87.1,93.7,93.5
550,10,94,13,2,91.7,95.5,95.4
551,10,95,14,2,10.2,12.7,12.6
552,10,96,14,2,66.7,55,55.3
553,10,97,14,2,72,76.8,76.7
554,10,98,14,2,42.1,51.6,51.4
555,10,99,15,2,42,41.6,41.6
556,10,100,15,2,38.1,35.3,35.4
557,10,101,15,2,3.6,3.1,3.1
558,10,102,15,2,1.3,2.1,2.1
559,10,103,16,2,64.8,78.1,77.7
560,10,104,16,2,83.9,92.4,92.1
561,10,105,16,2,62.7,76,75.7
562,10,106,16,2,83.2,92,91.7
563,10,107,16,2,9.2,10.4,10.3
564,10,108,16,2,12.7,25.4,24.9
565,10,109,17,2,37.6,37,37
566,10,110,17,2,66.8,65,65
567,10,111,17,2,3.7,4.2,4.1
568,10,112,17,2,4.5,5,5
569,10,113,17,2,5,3.7,3.7
570,10,114,17,2,7,5.1,5.2
571,22,1,1,2,1044,1003,1015
572,22,2,1,2,961,941,947
573,22,3,1,2,80.1,89.2,86.5
574,22,4,1,2,61.9,72.5,69.3
575,22,5,1,2,28.2,40.6,36.9
576,22,6,1,2,14,11.2,12
577,22,7,1,2,95.2,96.9,96.4
578,22,8,1,2,91.4,84.7,86.7
579,22,9,1,2,65.4,47.3,52.8
580,22,10,1,2,97,99.2,98.5
581,22,11,1,2,91.4,97.4,95.6
582,22,12,1,2,70.8,86.5,81.7
583,22,13,1,2,25.2,11,15.3
584,22,14,1,2,16.3,40.2,33
585,22,15,1,2,20.5,53.1,43.2
586,22,16,1,2,56.8,75.2,69.6
587,22,17,1,2,71,71.5,71.4
588,22,18,1,2,0.9,0.9,0.9
589,22,19,2,2,31.9,44.7,40.8
590,22,20,2,2,79,88.5,85.7
591,22,21,2,2,45.1,71.3,63.5
592,22,22,2,2,21.7,28.7,26.7
593,22,23,3,2,59.1,73.4,69
594,22,24,3,2,58.7,71.5,67.8
595,22,25,3,2,37.8,51.5,47.5
596,22,26,3,2,1.4,0.5,0.8
597,22,27,3,2,92.4,82.7,85
598,22,28,3,2,10.4,7.4,8.3
599,22,29,3,2,4.1,3.1,3.4
600,22,30,4,2,3.4,2.9,3.1
601,22,31,4,2,60.6,67.9,65.7
602,22,32,4,2,56.1,62.3,60.3
603,22,33,4,2,43.9,45.4,44.9
604,22,34,4,2,26.6,31.1,29.7
605,22,35,4,2,95.8,98.2,97.4
606,22,36,4,2,81.4,78,79.1
607,22,37,4,2,87.1,79.9,82.1
608,22,38,4,2,90.3,83.8,85.8
609,22,39,5,2,77.4,89.5,85.7
610,22,40,5,2,70.4,69.8,70
611,22,41,5,2,7.3,18.8,15.2
612,22,42,5,2,37.3,45,41.1
613,22,43,5,2,5.7,10.4,8.9
614,22,44,5,2,54.6,44.6,47.5
615,22,45,5,2,3403,6693,5733
616,22,46,6,2,87.1,90.3,89.3
617,22,47,6,2,10.6,1.9,4.6
618,22,48,7,2,94.5,97.5,96.6
619,22,49,7,2,61.1,64.4,63.3
620,22,50,7,2,69.4,75.4,73.5
621,22,51,7,2,45.3,42.1,43.1
622,22,52,7,2,4.8,3.1,3.6
623,22,53,7,2,78.8,87.9,84.2
624,22,54,7,2,68.9,66.2,67.3
625,22,55,7,2,38.7,40.9,40
626,22,56,7,2,30.1,35,33
627,22,57,7,2,1.1,1.6,1.5
628,22,58,7,2,29.5,42.6,39.5
629,22,59,8,2,18.4,14.8,15.9
630,22,60,8,2,32.3,32.2,32.2
631,22,61,8,2,87,77.3,80.4
632,22,62,8,2,10.4,8.8,9.3
633,22,63,8,2,38.6,32.8,34.6
634,22,64,8,2,21,18,18.9
635,22,65,8,2,8.1,7.3,7.5
636,22,66,8,2,36,29.2,31.3
637,22,67,8,2,3.3,4.3,4
638,22,68,8,2,72.1,66.3,68.1
639,22,69,8,2,83.7,75.6,78.1
640,22,70,8,2,87.6,81.4,83.3
641,22,71,8,2,36,30,31.9
642,22,72,8,2,34.7,29.8,31.4
643,22,73,8,2,83.6,77,79.1
644,22,74,8,2,85.6,84.4,84.8
645,22,75,9,2,29.3,20.5,23.1
646,22,76,9,2,19.8,16.6,17.5
647,22,77,9,2,8.7,16.4,14.1
648,22,78,9,2,12.6,15.8,14.9
649,22,79,9,2,39.3,46.3,44.3
650,22,80,9,2,51,57.2,55.4
651,22,81,9,2,62.5,47.3,51.8
652,22,82,9,2,70.9,56.6,60.8
653,22,83,10,2,4.8,6,5.7
654,22,84,10,2,9.4,11.5,10.9
655,22,85,11,2,15.3,13.9,14.3
656,22,86,11,2,21.7,20,20.4
657,22,87,12,2,28,12.7,17.3
658,22,88,12,2,53.7,38.8,43.1
659,22,89,12,2,12.3,1.8,4.9
660,22,90,12,2,46.9,29.8,34.7
661,22,91,13,2,65.7,41.7,49
662,22,92,13,2,200,100,100
663,22,93,13,2,89.6,94.9,93.3
664,22,94,13,2,91.4,94.3,93.5
665,22,95,14,2,43.1,37.5,39.1
666,22,96,14,2,48.4,44.6,45.6
667,22,97,14,2,75.8,82.1,80.3
668,22,98,14,2,36.7,42.3,40.7
669,22,99,15,2,27.6,17.8,20.5
670,22,100,15,2,22.7,15.1,17.2
671,22,101,15,2,1.7,0.9,1.1
672,22,102,15,2,0.6,1.3,0.8
673,22,103,16,2,84.8,93.5,91.1
674,22,104,16,2,90.3,96.3,94.6
675,22,105,16,2,81,91.7,88.7
676,22,106,16,2,89.4,96,94.2
677,22,107,16,2,17.5,25.2,23
678,22,108,16,2,23.2,33.1,30.4
679,22,109,17,2,36.4,32.9,33.9
680,22,110,17,2,69.5,57.6,61.2
681,22,111,17,2,2.7,2.3,2.4
682,22,112,17,2,2.4,2.5,2.5
683,22,113,17,2,5.8,5,5.3
684,22,114,17,2,10,8.6,9
685,25,1,1,2,979,716,827
686,25,2,1,2,960,796,868
687,25,3,1,2,84.5,94.3,90.2
688,25,4,1,2,63.5,85.7,74.6
689,25,5,1,2,21.5,48.6,35.8
690,25,6,1,2,26.1,26.7,26.4
691,25,7,1,2,98.1,93.4,95.6
692,25,8,1,2,55.4,17.4,31.9
693,25,9,1,2,64.8,23,39
694,25,10,1,2,99.1,99.8,99.6
695,25,11,1,2,93.5,98.2,96.4
696,25,12,1,2,73.2,94.4,86.3
697,25,13,1,2,19.8,3.2,9.5
698,25,14,1,2,56.9,94.2,79.9
699,25,15,1,2,42.5,94.5,74.6
700,25,16,1,2,66.1,94,83.3
701,25,17,1,2,80.1,42,56.6
702,25,18,1,2,0.7,0.7,0.7
703,25,19,2,2,57.3,72.8,66.8
704,25,20,2,2,91.9,98.3,95.8
705,25,21,2,2,68.5,80.7,74.9
706,25,22,2,2,25,47,36.7
707,25,23,3,2,95.5,92.8,94.3
708,25,24,3,2,72.5,64.5,68
709,25,25,3,2,53.8,32.3,41.6
710,25,26,3,2,0.3,0,0.2
711,25,27,3,2,90.4,59.2,74.2
712,25,28,3,2,7.4,15.4,11.9
713,25,29,3,2,4.2,6.1,5.3
714,25,30,4,2,6.1,1.7,4.3
715,25,31,4,2,83.8,73.5,77.7
716,25,32,4,2,95.3,79.8,86.2
717,25,33,4,2,70.3,52.3,59.8
718,25,34,4,2,66.4,44.4,53.5
719,25,35,4,2,99.2,98.6,98.8
720,25,36,4,2,90.3,67.8,77.1
721,25,37,4,2,81,50.4,63
722,25,38,4,2,78.3,46.2,59.5
723,25,39,5,2,96.4,96.6,96.5
724,25,40,5,2,82.7,63.9,71.9
725,25,41,5,2,10,32.4,22.9
726,25,42,5,2,42.6,37,39.5
727,25,43,5,2,9.2,25,17.2
728,25,44,5,2,12.1,12.9,12.6
729,25,45,5,2,1342,3584,2598
730,25,46,6,2,96.1,89.5,92.2
731,25,47,6,2,0,0,0
732,25,48,7,2,98.7,97.7,98.1
733,25,49,7,2,88.3,79.2,83.4
734,25,50,7,2,91,82,86.1
735,25,51,7,2,44.4,41.1,42.4
736,25,52,7,2,3.1,2.3,2.6
737,25,53,7,2,64.9,94.4,79.7
738,25,54,7,2,100,75.8,87.9
739,25,55,7,2,19.7,22,20.8
740,25,56,7,2,19.7,22,20.8
741,25,57,7,2,0,0.6,0.3
742,25,58,7,2,43.5,43.5,NA
743,25,59,8,2,25.8,17.2,20.8
744,25,60,8,2,30.3,22.4,25.9
745,25,61,8,2,88.5,70,79.4
746,25,62,8,2,8.8,11.4,10.2
747,25,63,8,2,50.5,30.8,39.4
748,25,64,8,2,23.9,19.7,21.6
749,25,65,8,2,4.1,4.4,4.3
750,25,66,8,2,51.4,28.6,38.7
751,25,67,8,2,1.1,2.4,1.9
752,25,68,8,2,83.1,72.3,77
753,25,69,8,2,78.6,53,63.8
754,25,70,8,2,81.1,52.2,64.3
755,25,71,8,2,22.4,20.4,21.3
756,25,72,8,2,21.9,23.1,22.6
757,25,73,8,2,83,56.8,67.9
758,25,74,8,2,79.8,77.2,78.6
759,25,75,9,2,31.2,19.7,25.1
760,25,76,9,2,27.7,12.8,18.3
761,25,77,9,2,17.6,35.2,26.8
762,25,78,9,2,16.7,23.3,20.9
763,25,79,9,2,19.6,37.1,30.7
764,25,80,9,2,45.3,45.3,45.3
765,25,81,9,2,62.6,58.1,60.7
766,25,82,9,2,70.9,54.9,62.5
767,25,83,10,2,8.1,11.1,9.6
768,25,84,10,2,14.9,17.5,16.4
769,25,85,11,2,7.7,11,9.5
770,25,86,11,2,12.7,15.3,14.3
771,25,87,12,2,4,1.8,2.9
772,25,88,12,2,36.7,39.9,38.6
773,25,89,12,2,2,0.3,1.1
774,25,90,12,2,26.1,28.8,27.7
775,25,91,13,2,61.2,18.6,34.9
776,25,92,13,2,100,100,100
777,25,93,13,2,92.1,94.2,93.2
778,25,94,13,2,90.4,93.5,92.3
779,25,95,14,2,42.3,22,31.4
780,25,96,14,2,57.9,54,55.8
781,25,97,14,2,85.5,82,83.6
782,25,98,14,2,48.2,71.3,60.5
783,25,99,15,2,18.3,18.5,18.5
784,25,100,15,2,12.9,12.6,12.7
785,25,101,15,2,8.2,3,5
786,25,102,15,2,0,0,0
787,25,103,16,2,61.7,85.5,74.4
788,25,104,16,2,89.4,91.7,90.8
789,25,105,16,2,61.7,84.5,73.9
790,25,106,16,2,88.4,91.7,90.5
791,25,107,16,2,17.5,32,25.3
792,25,108,16,2,20.9,32.5,28.3
793,25,109,17,2,42.6,38,40.3
794,25,110,17,2,69.1,56.1,62.8
795,25,111,17,2,4.4,5.3,4.8
796,25,112,17,2,6.2,5.2,5.6
797,25,113,17,2,2.2,4.2,3.1
798,25,114,17,2,2.5,7,5.2
799,24,1,1,2,1024,954,965
800,24,2,1,2,978,927,937
801,24,3,1,2,81,90.8,89.3
802,24,4,1,2,62.5,74.9,72.9
803,24,5,1,2,24.7,35.5,33.8
804,24,6,1,2,24.6,21.2,21.8
805,24,7,1,2,93.3,94.8,94.6
806,24,8,1,2,60.8,27.9,33
807,24,9,1,2,53.3,31.7,35.1
808,24,10,1,2,92.5,98,97.2
809,24,11,1,2,94.9,97.9,97.5
810,24,12,1,2,57.2,81.6,77.8
811,24,13,1,2,40.5,15.4,19.3
812,24,14,1,2,36.8,72.4,66.9
813,24,15,1,2,42.8,83.5,77.2
814,24,16,1,2,56.1,74.9,72
815,24,17,1,2,47.7,43.8,44.4
816,24,18,1,2,0.7,0.8,0.8
817,24,19,2,2,38.5,57.8,54.8
818,24,20,2,2,85.8,93.6,92.4
819,24,21,2,2,46,62.5,59.8
820,24,22,2,2,18.5,33,30.8
821,24,23,3,2,54.5,69.5,66.9
822,24,24,3,2,71.6,64,65.3
823,24,25,3,2,49.6,33.3,35.9
824,24,26,3,2,0.7,0,0.2
825,24,27,3,2,88.1,63.8,68.3
826,24,28,3,2,7.3,10.9,10.3
827,24,29,3,2,3.6,4.6,4.5
828,24,30,4,2,9,4.4,5.2
829,24,31,4,2,77.6,79.6,79.3
830,24,32,4,2,77.6,77,77.1
831,24,33,4,2,61.9,59.6,60
832,24,34,4,2,52.4,48.1,48.9
833,24,35,4,2,98.2,97.5,97.6
834,24,36,4,2,83.6,60.8,64.7
835,24,37,4,2,88,66.6,70.3
836,24,38,4,2,88.3,68.1,71.6
837,24,39,5,2,89.3,95.4,94.3
838,24,40,5,2,60.2,39.5,43.3
839,24,41,5,2,10.3,23.5,21
840,24,42,5,2,17.7,33.2,27.9
841,24,43,5,2,6.8,14.3,12.4
842,24,44,5,2,24.4,13.3,15.2
843,24,45,5,2,4587,9418,8539
844,24,46,6,2,91.9,91.3,91.4
845,24,47,6,2,12.1,1.8,4.1
846,24,48,7,2,96.2,97.7,97.4
847,24,49,7,2,65.8,57.8,59.3
848,24,50,7,2,70.7,68.7,69.1
849,24,51,7,2,44.9,43.7,43.9
850,24,52,7,2,10.4,7.7,8.2
851,24,53,7,2,81.4,74.7,76.2
852,24,54,7,2,78.7,62.8,66.5
853,24,55,7,2,41.2,33.7,35.4
854,24,56,7,2,34.7,25.9,28
855,24,57,7,2,1.1,1,1
856,24,58,7,2,64.6,65.1,65
857,24,59,8,2,21.2,17.9,18.5
858,24,60,8,2,36.8,38,37.8
859,24,61,8,2,64.6,65.1,65
860,24,62,8,2,5.1,5.8,5.7
861,24,63,8,2,46.1,37.4,39
862,24,64,8,2,30.3,23.9,25.1
863,24,65,8,2,13.9,9.8,10.6
864,24,66,8,2,49.1,37.5,39.7
865,24,67,8,2,4,3.9,3.9
866,24,68,8,2,87.3,78.4,80.1
867,24,69,8,2,81.1,62.3,65.7
868,24,70,8,2,86.7,66.4,70.1
869,24,71,8,2,29.9,25.1,26
870,24,72,8,2,30.2,24.9,25.9
871,24,73,8,2,83.1,65.6,68.8
872,24,74,8,2,85.4,80.6,81.7
873,24,75,9,2,35.1,23.2,25.2
874,24,76,9,2,24.8,20.3,21
875,24,77,9,2,10.8,25,22.7
876,24,78,9,2,9.2,21.5,19.7
877,24,79,9,2,41.6,40.1,40.4
878,24,80,9,2,52.4,42,43.7
879,24,81,9,2,77.2,59.1,62.5
880,24,82,9,2,78.3,62.3,65
881,24,83,10,2,8.3,10,9.7
882,24,84,10,2,14.3,17.4,16.9
883,24,85,11,2,12.2,10,10.4
884,24,86,11,2,15.6,13,13.4
885,24,87,12,2,13.7,7.7,8.6
886,24,88,12,2,45.4,40.3,41.1
887,24,89,12,2,2.1,0.3,0.6
888,24,90,12,2,13.5,4.4,5.8
889,24,91,13,2,35.3,12.9,16.4
890,24,92,13,2,300,200,200
891,24,93,13,2,89.5,86.1,86.7
892,24,94,13,2,94.6,90.1,90.8
893,24,95,14,2,46.9,28,30.8
894,24,96,14,2,55.2,40.3,42.6
895,24,97,14,2,65.3,70.8,70
896,24,98,14,2,33.8,51.5,48.8
897,24,99,15,2,22.6,13,14.6
898,24,100,15,2,17.1,10.2,11.3
899,24,101,15,2,2.3,1.5,1.7
900,24,102,15,2,0.9,1.3,1
901,24,103,16,2,79.1,77.1,77.4
902,24,104,16,2,92,89.4,89.7
903,24,105,16,2,78,75.7,76
904,24,106,16,2,91.5,88.9,89.3
905,24,107,16,2,29.8,28.3,28.5
906,24,108,16,2,31.6,36,35.3
907,24,109,17,2,52.1,41.6,43.4
908,24,110,17,2,78.4,64.5,66.9
909,24,111,17,2,4.7,4.8,4.8
910,24,112,17,2,4.2,5.4,5.2
911,24,113,17,2,4,3.1,3.3
912,24,114,17,2,6,5,5.2
913,2,1,1,2,1035,1040,1040
914,2,2,1,2,850,884,882
915,2,3,1,2,88.8,93.9,93.7
916,2,4,1,2,70.1,81.6,81
917,2,5,1,2,55.9,66.4,65.9
918,2,6,1,2,3,5.5,5.4
919,2,7,1,2,97.6,98.1,98.1
920,2,8,1,2,25.2,17.4,17.8
921,2,9,1,2,79.5,71,71.4
922,2,10,1,2,99.3,99.4,99.4
923,2,11,1,2,92.8,96.6,96.4
924,2,12,1,2,90.4,92.5,92.4
925,2,13,1,2,6,6.5,6.5
926,2,14,1,2,49.5,51.9,51.7
927,2,15,1,2,59.7,77,76.1
928,2,16,1,2,79.7,85.1,84.8
929,2,17,1,2,35.6,39.1,38.9
930,2,18,1,2,0.3,0.6,0.6
931,2,19,2,2,48.8,61.8,61.1
932,2,20,2,2,97,97.9,97.9
933,2,21,2,2,68.4,70.8,70.7
934,2,22,2,2,32.7,50.8,49.7
935,2,23,3,2,92.7,91.9,92
936,2,24,3,2,68.2,74.5,74.2
937,2,25,3,2,25.7,38.4,37.7
938,2,26,3,2,11.8,2.9,3.3
939,2,27,3,2,76.9,75.3,75.4
940,2,28,3,2,10.9,7.7,7.9
941,2,29,3,2,4.3,2.7,2.8
942,2,30,4,2,5.5,3.3,3.4
943,2,31,4,2,71.4,72.5,72.4
944,2,32,4,2,71.5,70.5,70.6
945,2,33,4,2,67,67.2,67.2
946,2,34,4,2,45.3,45.3,45.3
947,2,35,4,2,99.8,98.6,98.7
948,2,36,4,2,62.8,62.9,62.9
949,2,37,4,2,84.8,73.3,73.9
950,2,38,4,2,90.4,83.8,84.2
951,2,39,5,2,82.1,88.6,88.2
952,2,40,5,2,71.4,71.7,71.7
953,2,41,5,2,14.7,21.4,21
954,2,42,5,2,15.8,15.2,15.3
955,2,43,5,2,15,17.6,17.4
956,2,44,5,2,22.7,15.4,15.8
957,2,45,5,2,3259,7147,6941
958,2,46,6,2,85.8,90.7,90.5
959,2,47,6,2,0,0,0
960,2,48,7,2,99.8,97.7,97.8
961,2,49,7,2,78.6,68.4,68.9
962,2,50,7,2,89.4,74.4,75.2
963,2,51,7,2,33,38.3,38
964,2,52,7,2,2,4.9,4.7
965,2,53,7,2,41.5,74.8,73.9
966,2,54,7,2,78,73.6,73.7
967,2,55,7,2,32.7,19.2,19.5
968,2,56,7,2,32.7,17.2,17.6
969,2,57,7,2,1.2,1.5,1.5
970,2,58,7,2,82,84.3,84.2
971,2,59,8,2,12.7,15.9,15.8
972,2,60,8,2,48,45,45.1
973,2,61,8,2,72.2,69.6,69.7
974,2,62,8,2,7.5,19,18.3
975,2,63,8,2,31.3,30.8,30.8
976,2,64,8,2,15,17.5,17.4
977,2,65,8,2,6.4,6.9,6.9
978,2,66,8,2,20.3,25.8,25.5
979,2,67,8,2,6.8,5.6,5.7
980,2,68,8,2,60.9,54.8,55.2
981,2,69,8,2,72.9,70.5,70.7
982,2,70,8,2,84.9,78.8,79.2
983,2,71,8,2,18.8,21.9,21.8
984,2,72,8,2,14.5,22.2,21.7
985,2,73,8,2,65.3,68.2,68
986,2,74,8,2,71.6,65.1,65.5
987,2,75,9,2,13.7,13.9,13.9
988,2,76,9,2,8.2,12.2,11.9
989,2,77,9,2,26.7,30.6,30.4
990,2,78,9,2,20.4,31.6,30.9
991,2,79,9,2,57,52.2,52.5
992,2,80,9,2,58.2,62,61.8
993,2,81,9,2,36.8,36.7,36.7
994,2,82,9,2,53.8,53,53
995,2,83,10,2,6,7.5,7.4
996,2,84,10,2,8.8,15.2,14.8
997,2,85,11,2,9,11.3,11.1
998,2,86,11,2,11.7,15.9,15.7
999,2,87,12,2,3.8,1.5,1.7
1000,2,88,12,2,39.1,32,32.3
1001,2,89,12,2,1.8,0.6,0.6
1002,2,90,12,2,42.6,31.3,31.8
1003,2,91,13,2,2.8,3.6,3.5
1004,2,92,13,2,200,200,200
1005,2,93,13,2,95,96.1,96
1006,2,94,13,2,97.3,95,95.1
1007,2,95,14,2,20.2,20.2,20.2
1008,2,96,14,2,27,22.8,23.1
1009,2,97,14,2,82,83.2,83.1
1010,2,98,14,2,74.7,79.8,79.5
1011,2,99,15,2,7.7,10.6,10.4
1012,2,100,15,2,6.8,6.6,6.6
1013,2,101,15,2,0.8,0.8,0.8
1014,2,102,15,2,0.9,0,0.9
1015,2,103,16,2,95.7,95.5,95.5
1016,2,104,16,2,96.8,97.4,97.4
1017,2,105,16,2,90.5,94.7,94.5
1018,2,106,16,2,96.8,97.2,97.1
1019,2,107,16,2,38.8,36,36.2
1020,2,108,16,2,27.3,41.2,40.4
1021,2,109,17,2,35,30.6,30.9
1022,2,110,17,2,50.6,52.9,52.7
1023,2,111,17,2,2.7,3.2,3.2
1024,2,112,17,2,1.9,3.1,3
1025,2,113,17,2,1.9,3.1,3
1026,2,114,17,2,1.8,8.3,8
1027,20,1,1,2,1054,1049,1050
1028,20,2,1,2,906,910,909
1029,20,3,1,2,76.6,84.3,82.2
1030,20,4,1,2,58.1,67,64.6
1031,20,5,1,2,24.7,36.3,33.2
1032,20,6,1,2,27.7,33.8,32.2
1033,20,7,1,2,91,91.3,91.2
1034,20,8,1,2,66.3,55.3,58.4
1035,20,9,1,2,68.5,49.3,54.7
1036,20,10,1,2,88.2,96.1,93.8
1037,20,11,1,2,79.7,89.6,86.8
1038,20,12,1,2,52.5,66.1,62.3
1039,20,13,1,2,43,29.9,33.6
1040,20,14,1,2,15.1,38.5,31.9
1041,20,15,1,2,19.4,52,42.8
1042,20,16,1,2,37.5,57.4,51.8
1043,20,17,1,2,45,52.4,50.3
1044,20,18,1,2,0.6,0.6,0.6
1045,20,19,2,2,38.4,53.9,49.5
1046,20,20,2,2,86,93.7,91.5
1047,20,21,2,2,21.7,39.4,34.7
1048,20,22,2,2,22.4,34.7,31.4
1049,20,23,3,2,68.3,77.7,75.1
1050,20,24,3,2,55.9,63.7,61.7
1051,20,25,3,2,26,41.3,37.4
1052,20,26,3,2,0.3,0.2,0.3
1053,20,27,3,2,81.2,66.9,69.8
1054,20,28,3,2,12.6,11.1,11.5
1055,20,29,3,2,4.8,4.7,4.8
1056,20,30,4,2,9.8,9.8,9.8
1057,20,31,4,2,67.5,68.2,68
1058,20,32,4,2,32.7,40.9,38.6
1059,20,33,4,2,31,27.2,28.2
1060,20,34,4,2,13.6,15.3,14.9
1061,20,35,4,2,93.5,90.7,91.5
1062,20,36,4,2,60.8,54.8,56.5
1063,20,37,4,2,71,59.6,62.8
1064,20,38,4,2,80.2,70.9,73.5
1065,20,39,5,2,66.4,79.2,75.8
1066,20,40,5,2,58.8,56.1,56.8
1067,20,41,5,2,7.3,14.8,12.8
1068,20,42,5,2,28.5,38.7,34.9
1069,20,43,5,2,6.1,7.3,7
1070,20,44,5,2,38.5,30.5,32.5
1071,20,45,5,2,3483,6586,5762
1072,20,46,6,2,70.8,77.6,75.7
1073,20,47,6,2,2.3,1.9,2
1074,20,48,7,2,66.2,75.8,73.2
1075,20,49,7,2,64.6,65.2,65.1
1076,20,50,7,2,74.6,75.9,75.6
1077,20,51,7,2,36.8,34.3,34.9
1078,20,52,7,2,8.2,6.8,7.2
1079,20,53,7,2,71.8,72.3,72.1
1080,20,54,7,2,59.9,53.8,55.6
1081,20,55,7,2,30.5,28.2,28.9
1082,20,56,7,2,21.5,20.2,20.6
1083,20,57,7,2,2.8,1.8,2.1
1084,20,58,7,2,51.4,50.5,50.8
1085,20,59,8,2,17.3,15.1,15.6
1086,20,60,8,2,20.7,21.7,21.5
1087,20,61,8,2,75,76.5,76.1
1088,20,62,8,2,8.5,10.6,10
1089,20,63,8,2,45.1,37.5,39.6
1090,20,64,8,2,25.7,21.2,22.4
1091,20,65,8,2,10.9,8.5,9.1
1092,20,66,8,2,47.4,36.4,39.4
1093,20,67,8,2,3,2.7,2.8
1094,20,68,8,2,75.2,66.9,69.2
1095,20,69,8,2,65.3,57.4,59.5
1096,20,70,8,2,79.7,70.3,72.8
1097,20,71,8,2,24.2,21.1,21.9
1098,20,72,8,2,18.1,18.2,18.2
1099,20,73,8,2,62.9,54.3,56.6
1100,20,74,8,2,72.4,70.7,71.2
1101,20,75,9,2,28,25.5,26.2
1102,20,76,9,2,16.4,16.7,16.7
1103,20,77,9,2,6.7,13.8,11.8
1104,20,78,9,2,11,17.1,15.3
1105,20,79,9,2,43,47.9,46.5
1106,20,80,9,2,61.1,57.8,58.7
1107,20,81,9,2,64.9,54.3,56.8
1108,20,82,9,2,72,62.8,65.3
1109,20,83,10,2,5.1,6.7,6.3
1110,20,84,10,2,11.3,15.2,14.1
1111,20,85,11,2,9.8,9.2,9.4
1112,20,86,11,2,14.5,14.5,14.5
1113,20,87,12,2,14.8,6,8.4
1114,20,88,12,2,58,43.4,47.4
1115,20,89,12,2,15.6,2.5,6.1
1116,20,90,12,2,55.5,27.2,34.9
1117,20,91,13,2,73,75.2,74.6
1118,20,92,13,2,300,200,200
1119,20,93,13,2,90.7,95.1,93.9
1120,20,94,13,2,93.6,94,93.9
1121,20,95,14,2,23,16.2,18
1122,20,96,14,2,66.3,63.5,64.2
1123,20,97,14,2,74,81.7,79.6
1124,20,98,14,2,40.8,52,49
1125,20,99,15,2,37.5,31.8,33.3
1126,20,100,15,2,34.6,27.9,29.7
1127,20,101,15,2,3.8,2.9,3.1
1128,20,102,15,2,0.9,3.5,1.7
1129,20,103,16,2,82.1,85,84.2
1130,20,104,16,2,91.1,95.2,94
1131,20,105,16,2,79.7,83.3,82.4
1132,20,106,16,2,89.7,94.7,93.3
1133,20,107,16,2,13.8,13.8,13.8
1134,20,108,16,2,24.7,34,31.3
1135,20,109,17,2,36.1,37.5,37.1
1136,20,110,17,2,71.6,64.1,66.2
1137,20,111,17,2,2.4,3.1,2.9
1138,20,112,17,2,3.6,3.5,3.5
1139,20,113,17,2,4,3.7,3.8
1140,20,114,17,2,5.8,5.9,5.9
1141,1,1,1,2,953,948,948
1142,1,2,1,2,1025,939,946
1143,1,3,1,2,77.4,85.3,84.7
1144,1,4,1,2,62.9,70.6,70.1
1145,1,5,1,2,32.3,52.6,51.2
1146,1,6,1,2,11.1,3.9,4.5
1147,1,7,1,2,91.7,93.1,93
1148,1,8,1,2,78.8,53,54.8
1149,1,9,1,2,75.5,61.3,62.4
1150,1,10,1,2,98,99.4,99.3
1151,1,11,1,2,74.5,93.7,92.3
1152,1,12,1,2,51.6,81.1,79
1153,1,13,1,2,15.9,5,5.7
1154,1,14,1,2,29.8,72.3,69.2
1155,1,15,1,2,43.5,77.6,75.2
1156,1,16,1,2,58.8,85.1,83.2
1157,1,17,1,2,8.7,14.2,13.8
1158,1,18,1,2,0.6,0.8,0.8
1159,1,19,2,2,44.8,59.8,58.7
1160,1,20,2,2,95.7,97.3,97.2
1161,1,21,2,2,41.6,56.1,55.1
1162,1,22,2,2,34.9,44,43.3
1163,1,23,3,2,51.1,76.4,74.5
1164,1,24,3,2,55.8,60.1,59.8
1165,1,25,3,2,20.1,21.2,21.1
1166,1,26,3,2,0,0.4,0.3
1167,1,27,3,2,90.4,76.9,77.7
1168,1,28,3,2,8.5,7.7,7.8
1169,1,29,3,2,4.3,3.9,3.9
1170,1,30,4,2,2.2,0.9,1
1171,1,31,4,2,77,87.4,86.6
1172,1,32,4,2,66.8,82.3,81.1
1173,1,33,4,2,22.6,30.4,29.8
1174,1,34,4,2,16.5,24,23.4
1175,1,35,4,2,94.4,97.5,97.3
1176,1,36,4,2,52.9,51.7,51.8
1177,1,37,4,2,33,27.8,28.2
1178,1,38,4,2,43.5,38.1,38.6
1179,1,39,5,2,77.5,93.8,92.4
1180,1,40,5,2,74.2,87.9,86.8
1181,1,41,5,2,23.3,43.4,41.7
1182,1,42,5,2,34.7,41.9,40.1
1183,1,43,5,2,27.4,43.9,42.7
1184,1,44,5,2,61,56.1,56.4
1185,1,45,5,2,4898,6958,6825
1186,1,46,6,2,76.8,86.4,85.7
1187,1,47,6,2,0,0,0
1188,1,48,7,2,91.1,95.6,95.2
1189,1,49,7,2,69.5,75.3,74.9
1190,1,50,7,2,74,81.1,80.6
1191,1,51,7,2,31.3,38.7,38.1
1192,1,52,7,2,5.2,5.6,5.6
1193,1,53,7,2,71.7,75.3,75
1194,1,54,7,2,87.5,80.2,80.8
1195,1,55,7,2,49.3,50.6,50.5
1196,1,56,7,2,49.3,44.9,45.2
1197,1,57,7,2,3.9,3.8,3.8
1198,1,58,7,2,69.7,46.9,48.9
1199,1,59,8,2,12.7,10.5,10.7
1200,1,60,8,2,51.8,55.9,55.6
1201,1,61,8,2,57.3,62.4,62
1202,1,62,8,2,13.9,13.3,13.4
1203,1,63,8,2,28.2,26.7,26.9
1204,1,64,8,2,19.2,19,19
1205,1,65,8,2,9.6,9.7,9.7
1206,1,66,8,2,24.7,20.6,21
1207,1,67,8,2,10.9,9.5,9.6
1208,1,68,8,2,76.9,72.3,72.7
1209,1,69,8,2,51.5,48.1,48.4
1210,1,70,8,2,36.1,34.9,35
1211,1,71,8,2,17.1,21.6,21.2
1212,1,72,8,2,11.9,15.8,15.5
1213,1,73,8,2,44.8,40.6,40.9
1214,1,74,8,2,60.3,66.8,66.2
1215,1,75,9,2,6.5,5.1,5.2
1216,1,76,9,2,3.2,4.6,4.5
1217,1,77,9,2,21.2,30,29.4
1218,1,78,9,2,20.3,32.5,31.4
1219,1,79,9,2,63.2,60.4,60.6
1220,1,80,9,2,87.6,87.8,87.8
1221,1,81,9,2,30.2,34.4,34.1
1222,1,82,9,2,68.6,65.7,65.9
1223,1,83,10,2,4.6,4.7,4.7
1224,1,84,10,2,7.1,8.1,8.1
1225,1,85,11,2,11.1,12.6,12.5
1226,1,86,11,2,11.6,12.5,12.4
1227,1,87,12,2,4.7,3.5,3.6
1228,1,88,12,2,47,37.6,38.3
1229,1,89,12,2,0.2,0.2,0.2
1230,1,90,12,2,3.9,9.1,8.7
1231,1,91,13,2,2,2.3,2.3
1232,1,92,13,2,300,200,200
1233,1,93,13,2,74,83.6,83
1234,1,94,13,2,80.9,79.3,79.4
1235,1,95,14,2,18.2,18.4,18.4
1236,1,96,14,2,64.4,56.8,57.3
1237,1,97,14,2,67.4,86.2,84.9
1238,1,98,14,2,59.8,76.4,75.2
1239,1,99,15,2,15.4,10.7,11.1
1240,1,100,15,2,13,8.2,8.6
1241,1,101,15,2,1.7,1.2,1.3
1242,1,102,15,2,0.1,0.9,0.1
1243,1,103,16,2,80.7,85.9,85.5
1244,1,104,16,2,88.6,90.4,90.3
1245,1,105,16,2,80,84.3,84
1246,1,106,16,2,88.1,88.9,88.8
1247,1,107,16,2,10,16.3,15.8
1248,1,108,16,2,41.2,32.4,33.1
1249,1,109,17,2,13.6,11,11.2
1250,1,110,17,2,74.1,71.8,72
1251,1,111,17,2,2.1,1.6,1.6
1252,1,112,17,2,1.5,1.5,1.5
1253,1,113,17,2,3.7,4.5,4.4
1254,1,114,17,2,3.6,5.2,5
1255,29,1,1,2,1012,1037,1034
1256,29,2,1,2,993,947,953
1257,29,3,1,2,80.3,86.7,86
1258,29,4,1,2,65.6,73.9,73
1259,29,5,1,2,41.2,51.3,50.2
1260,29,6,1,2,27.6,20.4,21.2
1261,29,7,1,2,94.4,95.6,95.5
1262,29,8,1,2,84,78.3,78.9
1263,29,9,1,2,46.4,41,41.6
1264,29,10,1,2,98.3,98.9,98.8
1265,29,11,1,2,96.4,95.5,95.6
1266,29,12,1,2,72.1,79.5,78.7
1267,29,13,1,2,23.3,17,17.7
1268,29,14,1,2,72.7,80.6,79.7
1269,29,15,1,2,56.5,64.6,63.7
1270,29,16,1,2,58,73.7,72
1271,29,17,1,2,32.3,31.7,31.8
1272,29,18,1,2,1.1,1.2,1.2
1273,29,19,2,2,47.2,51.2,50.7
1274,29,20,2,2,92.1,92.9,92.8
1275,29,21,2,2,77.7,80.8,80.5
1276,29,22,2,2,29.2,35.6,35
1277,29,23,3,2,78.8,85.2,84.6
1278,29,24,3,2,65,69.2,68.7
1279,29,25,3,2,55.6,57.6,57.4
1280,29,26,3,2,0.1,0,0
1281,29,27,3,2,82.3,79.7,79.9
1282,29,28,3,2,7.4,6.3,6.4
1283,29,29,3,2,5.1,3.6,3.8
1284,29,30,4,2,5.7,5.4,5.4
1285,29,31,4,2,71.2,70.9,71
1286,29,32,4,2,70.6,71,70.9
1287,29,33,4,2,43.9,44.8,44.7
1288,29,34,4,2,35,33.8,34
1289,29,35,4,2,98,97.6,97.6
1290,29,36,4,2,72.3,76.6,76.1
1291,29,37,4,2,74.5,77.9,77.5
1292,29,38,4,2,76.9,82.2,81.5
1293,29,39,5,2,95.7,97.1,97
1294,29,40,5,2,69.9,64.1,64.8
1295,29,41,5,2,26.3,32.2,31.5
1296,29,42,5,2,45.3,62.9,60.1
1297,29,43,5,2,19.7,23,22.6
1298,29,44,5,2,12.1,10.4,10.6
1299,29,45,5,2,7426,12262,11656
1300,29,46,6,2,87.1,88.7,88.5
1301,29,47,6,2,0,9,7.3
1302,29,48,7,2,95.3,97.8,97.5
1303,29,49,7,2,59.9,68.2,67.3
1304,29,50,7,2,65.4,73.7,72.8
1305,29,51,7,2,45.2,43.7,43.9
1306,29,52,7,2,4.2,5.4,5.2
1307,29,53,7,2,80,77.4,77.7
1308,29,54,7,2,68.8,71.5,71.3
1309,29,55,7,2,44.5,45.6,45.5
1310,29,56,7,2,37.1,38.1,38
1311,29,57,7,2,1.5,1.5,1.5
1312,29,58,7,2,63.2,56.3,57.1
1313,29,59,8,2,15.2,16,15.9
1314,29,60,8,2,45.2,49.6,49.1
1315,29,61,8,2,55.4,62.4,61.5
1316,29,62,8,2,11.6,10.6,10.7
1317,29,63,8,2,41.2,34.7,35.4
1318,29,64,8,2,22.2,19.2,19.5
1319,29,65,8,2,10.1,8.2,8.4
1320,29,66,8,2,36.7,32.4,32.9
1321,29,67,8,2,3.8,3.1,3.2
1322,29,68,8,2,69.8,65.8,66.3
1323,29,69,8,2,76.2,77.5,77.3
1324,29,70,8,2,77.4,81.1,80.7
1325,29,71,8,2,31.3,31.6,31.6
1326,29,72,8,2,32.5,33.4,33.3
1327,29,73,8,2,73.8,76.8,76.5
1328,29,74,8,2,81,81.3,81.3
1329,29,75,9,2,21.5,16.7,17.2
1330,29,76,9,2,18.7,14,14.5
1331,29,77,9,2,25.1,30.8,30.2
1332,29,78,9,2,30.5,30.7,30.7
1333,29,79,9,2,27.2,39.9,38.6
1334,29,80,9,2,39.4,45.7,45
1335,29,81,9,2,55.3,44.5,45.7
1336,29,82,9,2,46.2,47.9,47.8
1337,29,83,10,2,7.2,8,7.9
1338,29,84,10,2,13.1,16,15.6
1339,29,85,11,2,12.7,13.7,13.6
1340,29,86,11,2,19.4,19.4,19.4
1341,29,87,12,2,12,8.1,8.5
1342,29,88,12,2,30.6,26.6,27.1
1343,29,89,12,2,1.3,0.9,0.9
1344,29,90,12,2,18.4,16.4,16.6
1345,29,91,13,2,22.9,22.9,22.9
1346,29,92,13,2,300,200,200
1347,29,93,13,2,88.9,89.1,89.1
1348,29,94,13,2,86.9,92.5,92
1349,29,95,14,2,48.7,35.7,37
1350,29,96,14,2,74.6,66.8,67.6
1351,29,97,14,2,87.7,88.8,88.7
1352,29,98,14,2,51,62.9,61.8
1353,29,99,15,2,49.9,45.7,46.1
1354,29,100,15,2,42.4,41.1,41.2
1355,29,101,15,2,4.6,5.9,5.7
1356,29,102,15,2,1.7,3.6,1.9
1357,29,103,16,2,96.9,97.4,97.4
1358,29,104,16,2,97.5,98.5,98.4
1359,29,105,16,2,96.9,97.3,97.3
1360,29,106,16,2,97,98.4,98.3
1361,29,107,16,2,32.8,23.6,24.5
1362,29,108,16,2,14.5,27.1,26
1363,29,109,17,2,36.8,32.2,32.7
1364,29,110,17,2,51.1,48.2,48.5
1365,29,111,17,2,2.4,3,2.9
1366,29,112,17,2,3.6,3.4,3.4
1367,29,113,17,2,3.8,3.2,3.3
1368,29,114,17,2,7.5,5.8,6
1369,32,1,1,2,968,"1,128","1,123"
1370,32,2,1,2,"1,193",914,921
1371,32,3,1,2,85.5,97.9,97.5
1372,32,4,1,2,78.5,95.5,95.1
1373,32,5,1,2,46.2,74.4,73.8
1374,32,6,1,2,*,8.7,8.7
1375,32,7,1,2,91.6,95,94.9
1376,32,8,1,2,85,39.9,41.2
1377,32,9,1,2,12.4,10.9,10.9
1378,32,10,1,2,90.3,99.6,99.3
1379,32,11,1,2,86.9,95.1,94.8
1380,32,12,1,2,97.1,99.8,99.8
1381,32,13,1,2,1.8,0.1,0.2
1382,32,14,1,2,28.8,67.9,66.8
1383,32,15,1,2,70.3,76.7,76.5
1384,32,16,1,2,53.1,87.2,86
1385,32,17,1,2,25.6,22.4,55.6
1386,32,18,1,2,1.2,1.2,1.2
1387,32,19,2,2,9.3,28.4,27.9
1388,32,20,2,2,85.1,97.4,97
1389,32,21,2,2,69,80.3,80
1390,32,22,2,2,*,63.4,62.8
1391,32,23,3,2,75.2,93.3,92.9
1392,32,24,3,2,55.3,62.7,62.5
1393,32,25,3,2,40,45.1,45
1394,32,26,3,2,1.2,0,0
1395,32,27,3,2,90.2,57.7,58.3
1396,32,28,3,2,12.3,11.9,11.9
1397,32,29,3,2,8.2,7.5,7.5
1398,32,30,4,2,*,2.8,3
1399,32,31,4,2,*,96.2,96.2
1400,32,32,4,2,*,90.4,90.5
1401,32,33,4,2,*,87.3,87.6
1402,32,34,4,2,*,81.6,81.8
1403,32,35,4,2,*,93.8,93.9
1404,32,36,4,2,*,58.3,58.5
1405,32,37,4,2,*,54.7,54.9
1406,32,38,4,2,*,71.2,71.3
1407,32,39,5,2,100,100,100
1408,32,40,5,2,75.8,31.2,32.1
1409,32,41,5,2,23.2,33.5,33.3
1410,32,42,5,2,NA,NA,NA
1411,32,43,5,2,23.6,32.1,31.7
1412,32,44,5,2,39.8,13.6,14.2
1413,32,45,5,2,*,22644,22270
1414,32,46,6,2,*,94.4,94.6
1415,32,47,6,2,NA,NA,NA
1416,32,48,7,2,96,99.4,99.3
1417,32,49,7,2,*,82.5,83
1418,32,50,7,2,*,87.8,88.2
1419,32,51,7,2,70,37.3,37.9
1420,32,52,7,2,3.3,3.1,3.2
1421,32,53,7,2,100,92.2,92.4
1422,32,54,7,2,60.5,70.1,69.9
1423,32,55,7,2,0,30.7,30.1
1424,32,56,7,2,0,30.7,30.1
1425,32,57,7,2,1.4,1.3,1.3
1426,32,58,7,2,100,65.6,66.3
1427,32,59,8,2,29.3,14.2,14.5
1428,32,60,8,2,69.2,73.4,73.3
1429,32,61,8,2,61.7,60.6,61
1430,32,62,8,2,3.4,26.7,26
1431,32,63,8,2,36.4,24.7,25
1432,32,64,8,2,15.1,15.5,15.5
1433,32,65,8,2,8.6,5.6,5.7
1434,32,66,8,2,22.3,20.1,20.2
1435,32,67,8,2,4.3,3.4,3.4
1436,32,68,8,2,51.2,39.1,39.5
1437,32,69,8,2,70.7,55.5,55.8
1438,32,70,8,2,80.8,63.5,63.8
1439,32,71,8,2,38.8,17.9,18.3
1440,32,72,8,2,29.8,15,15.3
1441,32,73,8,2,*,54.4,54.7
1442,32,74,8,2,*,50,50.1
1443,32,75,9,2,21.5,9.4,9.7
1444,32,76,9,2,*,6.7,7.1
1445,32,77,9,2,14.5,33.1,32.7
1446,32,78,9,2,*,34.9,34.4
1447,32,79,9,2,*,60.3,60.1
1448,32,80,9,2,71.7,72.4,72.3
1449,32,81,9,2,*,33.7,33.4
1450,32,82,9,2,47.1,33.9,34.2
1451,32,83,10,2,11.7,10.8,10.8
1452,32,84,10,2,16.4,23.7,23.5
1453,32,85,11,2,17.9,10.8,10.9
1454,32,86,11,2,19.4,12.5,12.8
1455,32,87,12,2,23,1.7,2.2
1456,32,88,12,2,40.7,12.6,13.5
1457,32,89,12,2,2.5,0.1,0.2
1458,32,90,12,2,36.1,11.9,12.6
1459,32,91,13,2,8.7,4.8,4.9
1460,32,92,13,2,1070,330,350
1461,32,93,13,2,88.9,97.5,97.3
1462,32,94,13,2,*,96.6,96.6
1463,32,95,14,2,48.7,35.7,37
1464,32,96,14,2,74.6,66.8,67.6
1465,32,97,14,2,87.7,88.8,88.7
1466,32,98,14,2,51,62.9,61.8
1467,32,99,15,2,49.9,45.7,46.1
1468,32,100,15,2,42.4,41.1,41.2
1469,32,101,15,2,4.6,5.9,5.7
1470,32,102,15,2,1.7,3.6,1.9
1471,32,103,16,2,96.9,97.4,97.4
1472,32,104,16,2,97.5,98.5,98.4
1473,32,105,16,2,96.9,97.3,97.3
1474,32,106,16,2,97,98.4,98.3
1475,32,107,16,2,32.8,23.6,24.5
1476,32,108,16,2,14.5,27.1,26
1477,32,109,17,2,36.8,32.2,32.7
1478,32,110,17,2,51.1,48.2,48.5
1479,32,111,17,2,2.4,3,2.9
1480,32,112,17,2,3.6,3.4,3.4
1481,32,113,17,2,3.8,3.2,3.3
1482,32,114,17,2,7.5,5.8,6
1483,37,1,1,2,966,982,971
1484,37,2,1,2,1081,1192,1110
1485,37,3,1,2,84,74.4,80.9
1486,37,4,1,2,69.9,63.9,67.9
1487,37,5,1,2,47.8,53.3,50
1488,37,6,1,2,1.4,4.3,2.5
1489,37,7,1,2,94,94.4,94.1
1490,37,8,1,2,63.1,59.2,61.8
1491,37,9,1,2,77.3,54.7,69.6
1492,37,10,1,2,99.6,99.2,99.4
1493,37,11,1,2,89.4,89.1,89.3
1494,37,12,1,2,44,42.3,43.4
1495,37,13,1,2,0.1,1.7,0.6
1496,37,14,1,2,70.7,87.1,76.3
1497,37,15,1,2,40.2,47.5,42.7
1498,37,16,1,2,69.9,66.5,68.7
1499,37,17,1,2,16.6,18,17.1
1500,37,18,1,2,1,1.2,1.1
1501,37,19,2,2,67.8,61.7,65.7
1502,37,20,2,2,95.4,95.7,95.5
1503,37,21,2,2,68.4,61.8,65.7
1504,37,22,2,2,58.4,54.5,56.4
1505,37,23,3,2,79.7,78.1,79.1
1506,37,24,3,2,53.6,48,51.3
1507,37,25,3,2,14.3,20.4,16.7
1508,37,26,3,2,0.4,0.3,0.4
1509,37,27,3,2,91.8,93,92.2
1510,37,28,3,2,7,9.3,7.9
1511,37,29,3,2,3.4,4.9,4
1512,37,30,4,2,NA,NA,NA
1513,37,31,4,2,90,79,85.7
1514,37,32,4,2,79.8,77.6,78.9
1515,37,33,4,2,17.3,9.6,14.3
1516,37,34,4,2,13.9,4.7,10.4
1517,37,35,4,2,98.9,95.9,97.8
1518,37,36,4,2,69.2,54.5,63.5
1519,37,37,4,2,44.1,47.4,45.4
1520,37,38,4,2,60,50.9,56.5
1521,37,39,5,2,97,91.7,95.1
1522,37,40,5,2,96.7,91.3,94.7
1523,37,41,5,2,33.8,44.1,37.6
1524,37,42,5,2,51.7,42.5,46
1525,37,43,5,2,34.6,47.9,39.3
1526,37,44,5,2,73.3,61.4,68.8
1527,37,45,5,2,3940,4987,4282
1528,37,46,6,2,83.7,80.6,82.5
1529,37,47,6,2,0,0,0
1530,37,48,7,2,98.9,97.8,98.6
1531,37,49,7,2,82.1,62.5,75.7
1532,37,50,7,2,89.2,62.5,80.4
1533,37,51,7,2,43.2,31.6,38.6
1534,37,52,7,2,7.9,9.6,8.5
1535,37,53,7,2,88,67.6,79.4
1536,37,54,7,2,81.3,74.2,78.3
1537,37,55,7,2,48.1,63.3,54.5
1538,37,56,7,2,48.1,55.1,51
1539,37,57,7,2,4.4,6.8,5.3
1540,37,58,7,2,23.9,57.7,40
1541,37,59,8,2,9.8,14.7,11.6
1542,37,60,8,2,61.1,51.2,57.9
1543,37,61,8,2,69.1,75.1,70.9
1544,37,62,8,2,23.9,24.3,24
1545,37,63,8,2,34.8,18.8,30.5
1546,37,64,8,2,17.4,17.6,17.5
1547,37,65,8,2,8.4,11,9.1
1548,37,66,8,2,22.6,14.3,20.4
1549,37,67,8,2,14.4,10.5,13.4
1550,37,68,8,2,93.3,97.5,94.4
1551,37,69,8,2,62.8,57.4,60.9
1552,37,70,8,2,54.4,44.6,51
1553,37,71,8,2,21.4,23.1,22
1554,37,72,8,2,14.2,20,16.4
1555,37,73,8,2,57.6,56.8,57.3
1556,37,74,8,2,76.5,70.5,74.3
1557,37,75,9,2,4.7,3.8,4.4
1558,37,76,9,2,2.8,1,2.2
1559,37,77,9,2,27.1,30,28.3
1560,37,78,9,2,36.7,40.1,37.8
1561,37,79,9,2,58.5,69.8,62.1
1562,37,80,9,2,82.8,91.9,86.5
1563,37,81,9,2,23.4,26.8,25
1564,37,82,9,2,92.4,93.4,92.8
1565,37,83,10,2,4.2,3.6,4
1566,37,84,10,2,9.5,6.1,8.4
1567,37,85,11,2,12.3,10.6,11.6
1568,37,86,11,2,16,11.1,14.2
1569,37,87,12,2,2.6,4.2,3.2
1570,37,88,12,2,34.9,37.4,35.7
1571,37,89,12,2,2.7,5.9,3.7
1572,37,90,12,2,21.5,27.6,23.5
1573,37,91,13,2,1.2,1.2,1.2
1574,37,92,13,2,300,400,300
1575,37,93,13,2,84.6,69.1,78.2
1576,37,94,13,2,83.1,77.6,81.5
1577,37,95,14,2,28.9,27.7,28.3
1578,37,96,14,2,63.3,80.8,72.2
1579,37,97,14,2,94,82.9,88.4
1580,37,98,14,2,83,79.4,81.2
1581,37,99,15,2,19.4,16.6,18.1
1582,37,100,15,2,15.2,16.6,15.8
1583,37,101,15,2,1.2,0,0.7
1584,37,102,15,2,0,0,0
1585,37,103,16,2,91,92.3,91.7
1586,37,104,16,2,94.7,85.2,91.8
1587,37,105,16,2,90.5,90.6,90.5
1588,37,106,16,2,94.2,85.2,91.5
1589,37,107,16,2,26,22.7,24.3
1590,37,108,16,2,25.9,36.1,29
1591,37,109,17,2,10.9,8.9,10.2
1592,37,110,17,2,94.2,94.6,94.3
1593,37,111,17,2,1.8,0.6,1.5
1594,37,112,17,2,2.6,2.2,2.5
1595,37,113,17,2,6.1,5.8,6
1596,37,114,17,2,9.1,5.1,7.8
1597,31,1,1,2,1190,1176,1187
1598,31,2,1,2,979,1121,1009
1599,31,3,1,2,98.2,97.1,98
1600,31,4,1,2,93.4,91.2,93
1601,31,5,1,2,69.2,62.4,67.8
1602,31,6,1,2,1.5,0,1.3
1603,31,7,1,2,95.9,96.7,96.1
1604,31,8,1,2,38.1,27.5,36
1605,31,9,1,2,3.3,4.6,3.5
1606,31,10,1,2,99.7,99.4,99.7
1607,31,11,1,2,92.2,97.3,93.2
1608,31,12,1,2,99.9,100,99.9
1609,31,13,1,2,NA,NA,NA
1610,31,14,1,2,53.2,85.4,59.4
1611,31,15,1,2,93.4,71.5,89.1
1612,31,16,1,2,86.8,85.8,86.6
1613,31,17,1,2,67.2,69.9,67.7
1614,31,18,1,2,1.8,1.1,1.7
1615,31,19,2,2,19.8,23.3,20.5
1616,31,20,2,2,96.2,96.5,96.2
1617,31,21,2,2,62,85.2,66.8
1618,31,22,2,2,53.1,72.4,56.3
1619,31,23,3,2,97.9,100,98.3
1620,31,24,3,2,54.4,46.6,52.6
1621,31,25,3,2,18.1,29.5,20.7
1622,31,26,3,2,NA,NA,NA
1623,31,27,3,2,73.7,74,73.8
1624,31,28,3,2,12.8,10.5,12.3
1625,31,29,3,2,8.3,7.2,8
1626,31,30,4,2,1.4,0,1.1
1627,31,31,4,2,100,98.3,99.6
1628,31,32,4,2,95.4,78,91.4
1629,31,33,4,2,78.5,85.2,80.1
1630,31,34,4,2,74.6,76.4,75
1631,31,35,4,2,75.6,84.7,77.8
1632,31,36,4,2,43.7,60.1,47.5
1633,31,37,4,2,52.3,40.2,49.4
1634,31,38,4,2,83.3,75.5,81.5
1635,31,39,5,2,100,98.3,99.6
1636,31,40,5,2,71.2,44.7,65.3
1637,31,41,5,2,32.5,27.1,31.3
1638,31,42,5,2,100,100,100
1639,31,43,5,2,28.9,24.2,28.1
1640,31,44,5,2,9.5,10,9.6
1641,31,45,5,2,7920,23076,10952
1642,31,46,6,2,91.9,94.8,92.6
1643,31,47,6,2,NA,NA,NA
1644,31,48,7,2,100,100,100
1645,31,49,7,2,43,28.5,41
1646,31,50,7,2,49,28.5,46.2
1647,31,51,7,2,21.3,14.1,19.8
1648,31,52,7,2,1.3,5.6,2.3
1649,31,53,7,2,100,56.9,76.1
1650,31,54,7,2,77.9,28.6,50.6
1651,31,55,7,2,0,0,0
1652,31,56,7,2,0,0,0
1653,31,57,7,2,1.4,1.5,1.4
1654,31,58,7,2,31.7,100,48
1655,31,59,8,2,9.8,9.3,9.7
1656,31,60,8,2,77.6,71.3,76.3
1657,31,61,8,2,58.2,93.1,67
1658,31,62,8,2,23.3,0,18.9
1659,31,63,8,2,36.1,16.7,32
1660,31,64,8,2,16.6,20.4,17.4
1661,31,65,8,2,9.9,4.2,8.7
1662,31,66,8,2,23.7,33.6,25.8
1663,31,67,8,2,12.6,2.2,10.5
1664,31,68,8,2,42.5,45,43.1
1665,31,69,8,2,47.8,52.7,48.9
1666,31,70,8,2,79.9,75,78.8
1667,31,71,8,2,11.1,26.5,14.5
1668,31,72,8,2,4.9,15.8,7.3
1669,31,73,8,2,38.9,57.5,43.1
1670,31,74,8,2,22.4,66.1,35.5
1671,31,75,9,2,8.3,6.4,8
1672,31,76,9,2,6.5,0,5.4
1673,31,77,9,2,33.4,34.4,33.6
1674,31,78,9,2,44.1,28.3,41.5
1675,31,79,9,2,47.8,89.6,54.7
1676,31,80,9,2,65.6,80.1,68.4
1677,31,81,9,2,24.4,12.8,20.9
1678,31,82,9,2,24.2,32.4,25.8
1679,31,83,10,2,9.6,8.6,9.4
1680,31,84,10,2,21,19.6,20.7
1681,31,85,11,2,9.8,9.9,9.8
1682,31,86,11,2,12.2,10.5,11.8
1683,31,87,12,2,20,7.5,17.5
1684,31,88,12,2,31,18.8,28.5
1685,31,89,12,2,0.3,0.3,0.3
1686,31,90,12,2,0.3,0.9,0.4
1687,31,91,13,2,2.2,1.6,2.1
1688,31,92,13,2,200,0,200
1689,31,93,13,2,96.7,95.3,96.4
1690,31,94,13,2,97.1,92.8,96.6
1691,31,95,14,2,10.4,13.7,10.9
1692,31,96,14,2,32.8,20.3,30.7
1693,31,97,14,2,65.2,75.4,66.9
1694,31,98,14,2,81.5,96.5,84
1695,31,99,15,2,1,0,0.8
1696,31,100,15,2,1,0,0.8
1697,31,101,15,2,0,0,0
1698,31,102,15,2,0,0,0
1699,31,103,16,2,94.8,100,95.7
1700,31,104,16,2,99,100,99.1
1701,31,105,16,2,94.8,100,95.7
1702,31,106,16,2,98.2,100,98.4
1703,31,107,16,2,46.5,49.1,46.9
1704,31,108,16,2,68.1,30.4,64
1705,31,109,17,2,17.4,17.2,17.4
1706,31,110,17,2,27.5,44.3,30.2
1707,31,111,17,2,2.6,0,2.2
1708,31,112,17,2,3.3,2.5,3.2
1709,31,113,17,2,3,1.9,2.8
1710,31,114,17,2,3.5,7.2,4.1
1711,23,1,1,2,1022,956,970
1712,23,2,1,2,1028,913,940
1713,23,3,1,2,73.2,87.6,84.7
1714,23,4,1,2,55.8,70.6,67.5
1715,23,5,1,2,16.1,32.6,29.3
1716,23,6,1,2,27.4,21.9,23
1717,23,7,1,2,91.5,93.4,93
1718,23,8,1,2,72.2,49.8,54.5
1719,23,9,1,2,58.4,47.5,49.8
1720,23,10,1,2,96.3,98.5,98.1
1721,23,11,1,2,82,90.7,88.9
1722,23,12,1,2,56.2,75.4,71.3
1723,23,13,1,2,41.1,22.1,26.2
1724,23,14,1,2,17.5,46.1,40
1725,23,15,1,2,21.3,51.6,45.2
1726,23,16,1,2,56.3,76.1,71.9
1727,23,17,1,2,35.2,38.8,38.1
1728,23,18,1,2,1,1.2,1.2
1729,23,19,2,2,35.1,53.9,49.9
1730,23,20,2,2,81.8,91.7,89.6
1731,23,21,2,2,33,58.6,53.4
1732,23,22,2,2,13.7,30.3,26.9
1733,23,23,3,2,41.4,66.2,60.9
1734,23,24,3,2,72.1,71.6,71.7
1735,23,25,3,2,57,50.6,51.9
1736,23,26,3,2,0.9,0.7,0.7
1737,23,27,3,2,94.5,82.8,85.2
1738,23,28,3,2,6.5,8,7.7
1739,23,29,3,2,3.5,3.9,3.8
1740,23,30,4,2,6.9,4.6,5.1
1741,23,31,4,2,74.9,75.5,75.4
1742,23,32,4,2,55.6,58.1,57.5
1743,23,33,4,2,52,51.2,51.4
1744,23,34,4,2,33,32.9,32.9
1745,23,35,4,2,96.5,96.7,96.6
1746,23,36,4,2,79,72,73.5
1747,23,37,4,2,83.6,79.3,80.3
1748,23,38,4,2,87.3,82.8,83.8
1749,23,39,5,2,82,93.4,90.7
1750,23,40,5,2,79.9,80.3,80.2
1751,23,41,5,2,4.7,14.3,12.1
1752,23,42,5,2,26.7,28,27.4
1753,23,43,5,2,4.6,9.3,8.2
1754,23,44,5,2,61.7,53.8,55.4
1755,23,45,5,2,1274,4458,3793
1756,23,46,6,2,85.5,87.2,86.8
1757,23,47,6,2,6.5,6.5,6.5
1758,23,48,7,2,91.3,94.9,94
1759,23,49,7,2,63.8,68.2,67.2
1760,23,50,7,2,74,78.8,77.7
1761,23,51,7,2,40.5,37.2,38
1762,23,52,7,2,5.1,6.8,6.4
1763,23,53,7,2,72.3,73.9,73.6
1764,23,54,7,2,78,62.2,65.2
1765,23,55,7,2,40.2,34.5,35.6
1766,23,56,7,2,36.7,27.4,29.1
1767,23,57,7,2,1.8,2.9,2.6
1768,23,58,7,2,52.5,47.7,48.5
1769,23,59,8,2,19.1,20.9,20.5
1770,23,60,8,2,45.4,40.1,41.3
1771,23,61,8,2,74.8,73.8,74.1
1772,23,62,8,2,9.7,8.8,9
1773,23,63,8,2,40.4,34.1,35.7
1774,23,64,8,2,21.2,18.2,18.9
1775,23,65,8,2,7.2,6.2,6.5
1776,23,66,8,2,39.5,30.9,33
1777,23,67,8,2,2.4,1.9,2
1778,23,68,8,2,78.3,72,73.6
1779,23,69,8,2,82.6,73.9,75.9
1780,23,70,8,2,86.6,82.6,83.5
1781,23,71,8,2,29.6,24.8,26
1782,23,72,8,2,30.1,25.1,26.2
1783,23,73,8,2,83.2,76.2,77.8
1784,23,74,8,2,86.9,82.2,83.4
1785,23,75,9,2,27.5,21.8,23
1786,23,76,9,2,20.3,20.5,20.5
1787,23,77,9,2,8,18.8,16.6
1788,23,78,9,2,9.5,17.3,15.7
1789,23,79,9,2,34.6,40.2,39.1
1790,23,80,9,2,41.1,40.2,40.4
1791,23,81,9,2,64.7,49.3,52.8
1792,23,82,9,2,64.2,52.2,54.7
1793,23,83,10,2,5.4,5.9,5.8
1794,23,84,10,2,10.6,12.7,12.3
1795,23,85,11,2,11.3,11.5,11.4
1796,23,86,11,2,15.4,15.8,15.7
1797,23,87,12,2,18.3,8.2,10.2
1798,23,88,12,2,56.6,44,46.4
1799,23,89,12,2,3.1,0.5,1
1800,23,90,12,2,32,13.5,17
1801,23,91,13,2,41.1,29.6,32
1802,23,92,13,2,100,100,100
1803,23,93,13,2,94.3,94.9,94.8
1804,23,94,13,2,94.5,94.7,94.7
1805,23,95,14,2,44,22.4,26.8
1806,23,96,14,2,45.7,38.4,39.9
1807,23,97,14,2,72.6,75.2,74.7
1808,23,98,14,2,25.8,41.8,38.5
1809,23,99,15,2,35.6,29.8,31.1
1810,23,100,15,2,28.5,23.8,24.8
1811,23,101,15,2,2.9,2.1,2.3
1812,23,102,15,2,1,3.1,1.4
1813,23,103,16,2,83.6,87.7,86.9
1814,23,104,16,2,88.9,92.9,92.1
1815,23,105,16,2,80.7,85.6,84.6
1816,23,106,16,2,88.2,92,91.3
1817,23,107,16,2,13.7,20,18.7
1818,23,108,16,2,23.1,27,26.3
1819,23,109,17,2,38.9,36.1,36.7
1820,23,110,17,2,66.6,54.9,57.4
1821,23,111,17,2,2.7,2.9,2.9
1822,23,112,17,2,3.1,3.5,3.4
1823,23,113,17,2,4.1,4.1,4.1
1824,23,114,17,2,5.3,6.6,6.3
1825,27,1,1,2,973,966,966
1826,27,2,1,2,872,928,920
1827,27,3,1,2,82,93.6,92.3
1828,27,4,1,2,64.6,81.6,79.7
1829,27,5,1,2,29.6,53.2,50.4
1830,27,6,1,2,30.4,20.6,21.8
1831,27,7,1,2,93,95.1,94.9
1832,27,8,1,2,54.8,30.8,33.5
1833,27,9,1,2,40,33.3,34.1
1834,27,10,1,2,94.2,97.9,97.4
1835,27,11,1,2,85.6,94.8,93.8
1836,27,12,1,2,60.2,82.4,80
1837,27,13,1,2,37.5,14.9,17.4
1838,27,14,1,2,52.2,83.1,79.7
1839,27,15,1,2,45.2,80.7,76.8
1840,27,16,1,2,51.4,77.5,74.6
1841,27,17,1,2,23.9,22.2,22.4
1842,27,18,1,2,1,1.2,1.2
1843,27,19,2,2,30.9,50.1,48
1844,27,20,2,2,84.1,94.3,93.1
1845,27,21,2,2,52.2,69.7,67.7
1846,27,22,2,2,17.4,40.7,38
1847,27,23,3,2,71.5,87.3,85.3
1848,27,24,3,2,63.7,66.5,66.2
1849,27,25,3,2,53,48.6,49.1
1850,27,26,3,2,1.2,0.3,0.4
1851,27,27,3,2,86.2,64.8,67.3
1852,27,28,3,2,9.9,9.5,9.6
1853,27,29,3,2,4.7,3.7,3.8
1854,27,30,4,2,13.4,6.7,7.6
1855,27,31,4,2,65.6,71.7,70.9
1856,27,32,4,2,66,72.1,71.3
1857,27,33,4,2,43.9,48.9,48.2
1858,27,34,4,2,34.4,38.4,37.8
1859,27,35,4,2,95.2,95.5,95.4
1860,27,36,4,2,52,43.4,44.6
1861,27,37,4,2,57.7,40.2,42.5
1862,27,38,4,2,67.6,45.6,48.6
1863,27,39,5,2,84.8,96.3,94.7
1864,27,40,5,2,62.4,54.7,55.8
1865,27,41,5,2,14.1,27.3,25.4
1866,27,42,5,2,33.2,42.9,38.9
1867,27,43,5,2,9.2,20,18.3
1868,27,44,5,2,17.1,9.3,10.2
1869,27,45,5,2,6502,12237,11506
1870,27,46,6,2,80.4,87.2,86.3
1871,27,47,6,2,1.8,5.6,4.1
1872,27,48,7,2,93.9,96.6,96.2
1873,27,49,7,2,50.9,54.9,54.3
1874,27,50,7,2,58.6,65.8,64.7
1875,27,51,7,2,33.1,34.4,34.2
1876,27,52,7,2,11.7,8.5,8.9
1877,27,53,7,2,79.4,76.1,76.7
1878,27,54,7,2,59.7,59.5,59.5
1879,27,55,7,2,19.4,29.1,27.3
1880,27,56,7,2,13.9,23,21.3
1881,27,57,7,2,3.8,3.1,3.2
1882,27,58,7,2,52.9,66,63.8
1883,27,59,8,2,24.3,19.4,20
1884,27,60,8,2,53.3,53.2,53.2
1885,27,61,8,2,73.7,70.7,71.1
1886,27,62,8,2,7.9,8.9,8.7
1887,27,63,8,2,43.1,33.9,35.2
1888,27,64,8,2,33.9,24.2,25.6
1889,27,65,8,2,15.1,10.2,10.9
1890,27,66,8,2,46.3,34.4,36.1
1891,27,67,8,2,3.4,4.2,4.1
1892,27,68,8,2,78.5,68.5,69.9
1893,27,69,8,2,64.6,51.7,53.5
1894,27,70,8,2,59.3,43.5,45.8
1895,27,71,8,2,19.5,19.2,19.3
1896,27,72,8,2,19.1,18.1,18.2
1897,27,73,8,2,66.3,51.8,53.9
1898,27,74,8,2,64.9,63.2,63.5
1899,27,75,9,2,30.2,19.5,20.8
1900,27,76,9,2,22.3,15.2,16
1901,27,77,9,2,13.6,24.8,23.5
1902,27,78,9,2,16.8,25.4,24.3
1903,27,79,9,2,37.2,40.8,40.4
1904,27,80,9,2,40.6,45,44.4
1905,27,81,9,2,50.7,44.7,45.7
1906,27,82,9,2,59.7,53.5,54.2
1907,27,83,10,2,4.8,7,6.7
1908,27,84,10,2,10.8,14.1,13.7
1909,27,85,11,2,11.1,12.1,12
1910,27,86,11,2,15.9,16.3,16.2
1911,27,87,12,2,23.5,9.4,10.9
1912,27,88,12,2,47.2,32.2,33.8
1913,27,89,12,2,1.5,0.3,0.4
1914,27,90,12,2,22.1,13,13.9
1915,27,91,13,2,14.7,7.5,8.3
1916,27,92,13,2,200,100,100
1917,27,93,13,2,82.1,90,89.1
1918,27,94,13,2,85.9,90.1,89.7
1919,27,95,14,2,48.1,33,34.7
1920,27,96,14,2,27.2,22.3,22.9
1921,27,97,14,2,65.6,73.7,72.8
1922,27,98,14,2,33.2,57.6,54.8
1923,27,99,15,2,37.5,25.9,27.2
1924,27,100,15,2,28.7,18.9,20
1925,27,101,15,2,6.1,3,3.4
1926,27,102,15,2,1,0.6,1
1927,27,103,16,2,75.8,90.5,88.8
1928,27,104,16,2,85.8,96.4,95.3
1929,27,105,16,2,75.3,90.1,88.4
1930,27,106,16,2,84.7,96,94.8
1931,27,107,16,2,24.7,35.6,34.4
1932,27,108,16,2,26.4,44,42.2
1933,27,109,17,2,44.1,36.1,37.1
1934,27,110,17,2,62.3,53.6,54.8
1935,27,111,17,2,2.6,2.9,2.9
1936,27,112,17,2,2.5,3.9,3.7
1937,27,113,17,2,4.1,4.6,4.6
1938,27,114,17,2,6.5,5.9,6
1939,14,1,1,2,1060,1069,1066
1940,14,2,1,2,950,958,955
1941,14,3,1,2,92,95.7,94.7
1942,14,4,1,2,82,84.7,84
1943,14,5,1,2,43.5,49.6,48.1
1944,14,6,1,2,14.5,16.9,16.3
1945,14,7,1,2,84.8,92.2,90.2
1946,14,8,1,2,43.2,43.1,43.2
1947,14,9,1,2,31,24.9,26.6
1948,14,10,1,2,95.7,98.6,97.8
1949,14,11,1,2,61.3,83,77
1950,14,12,1,2,92.3,95.2,94.4
1951,14,13,1,2,0.7,0.4,0.5
1952,14,14,1,2,48.4,78.9,70.4
1953,14,15,1,2,20.3,23.5,22.6
1954,14,16,1,2,79.1,78.4,78.6
1955,14,17,1,2,19.2,15.3,16.4
1956,14,18,1,2,1.1,1,1
1957,14,19,2,2,58,69.6,66.4
1958,14,20,2,2,94.2,96.6,95.9
1959,14,21,2,2,47.7,62.7,58.9
1960,14,22,2,2,45.3,44.6,44.8
1961,14,23,3,2,83.4,83.3,83.4
1962,14,24,3,2,61.3,61.3,61.3
1963,14,25,3,2,4.2,3.5,3.7
1964,14,26,3,2,0,0,0
1965,14,27,3,2,53.1,47.8,49.2
1966,14,28,3,2,10.5,12.8,12.2
1967,14,29,3,2,4.6,4.8,4.7
1968,14,30,4,2,7.4,9,8.6
1969,14,31,4,2,68.8,84.6,79.9
1970,14,32,4,2,59.5,87.8,79.4
1971,14,33,4,2,33.1,60.5,52.3
1972,14,34,4,2,26.5,54.3,46.1
1973,14,35,4,2,77.9,71,72.9
1974,14,36,4,2,7.6,8.8,8.5
1975,14,37,4,2,2.2,4,3.4
1976,14,38,4,2,31.1,34.7,33.6
1977,14,39,5,2,59.2,90.3,79.9
1978,14,40,5,2,41.5,68.4,59.4
1979,14,41,5,2,11,32.9,25.6
1980,14,42,5,2,29.2,28.4,28.9
1981,14,43,5,2,13.1,28.2,24.7
1982,14,44,5,2,21.9,23.1,22.9
1983,14,45,5,2,16213,22380,21061
1984,14,46,6,2,56.7,83.2,75.3
1985,14,47,6,2,0,0,0
1986,14,48,7,2,90.1,85.8,87.2
1987,14,49,7,2,33.1,27.8,29.5
1988,14,50,7,2,39.9,30.4,33.5
1989,14,51,7,2,16.8,18.6,18
1990,14,52,7,2,3.8,6.5,5.6
1991,14,53,7,2,53.3,54.2,54
1992,14,54,7,2,59.4,72.8,69.7
1993,14,55,7,2,27.4,25.7,26.1
1994,14,56,7,2,13.4,20.6,19
1995,14,57,7,2,1.6,1.8,1.7
1996,14,58,7,2,26.9,34.3,32.1
1997,14,59,8,2,4.8,8.1,7.2
1998,14,60,8,2,59.1,51,53.7
1999,14,61,8,2,66.3,73.5,70.7
2000,14,62,8,2,21.5,18.2,19.3
2001,14,63,8,2,27,21.6,23.4
2002,14,64,8,2,10.2,9.8,9.9
2003,14,65,8,2,4.6,2.8,3.4
2004,14,66,8,2,12.7,13.6,13.3
2005,14,67,8,2,4.6,2.7,3.3
2006,14,68,8,2,39.6,44.8,43.1
2007,14,69,8,2,39.3,41.7,40.9
2008,14,70,8,2,24.5,29,27.5
2009,14,71,8,2,11.6,12.5,12.2
2010,14,72,8,2,4,4.1,4
2011,14,73,8,2,7.1,9.6,8.7
2012,14,74,8,2,18.2,21.1,20.3
2013,14,75,9,2,6.2,7.6,7.2
2014,14,76,9,2,3.8,9.3,8
2015,14,77,9,2,26.5,36.5,34.1
2016,14,78,9,2,28.6,30.8,30.3
2017,14,79,9,2,34.2,53,48.7
2018,14,80,9,2,59.4,67.4,65.4
2019,14,81,9,2,31.3,32,31.8
2020,14,82,9,2,26.8,30.3,29.4
2021,14,83,10,2,6.4,8.4,7.9
2022,14,84,10,2,13.6,17.6,16.5
2023,14,85,11,2,11.4,15,14.1
2024,14,86,11,2,19,27.6,25.4
2025,14,87,12,2,43,43.1,43.1
2026,14,88,12,2,63.8,56.1,58.1
2027,14,89,12,2,1.3,0.7,0.9
2028,14,90,12,2,34.9,38,37.2
2029,14,91,13,2,93.9,98.3,97.1
2030,14,92,13,2,600,400,400
2031,14,93,13,2,96.5,98,97.7
2032,14,94,13,2,94,96.5,95.9
2033,14,95,14,2,37.2,43.7,42.1
2034,14,96,14,2,62.2,57.2,58.4
2035,14,97,14,2,74.9,73.8,74
2036,14,98,14,2,74.7,71.4,72.2
2037,14,99,15,2,34.5,44.1,41.7
2038,14,100,15,2,23.7,23.1,23.2
2039,14,101,15,2,1.8,3.7,3.2
2040,14,102,15,2,0.7,0,0.5
2041,14,103,16,2,99.6,99.4,99.4
2042,14,104,16,2,99.5,99.6,99.6
2043,14,105,16,2,99.6,99.4,99.4
2044,14,106,16,2,99.5,99.6,99.6
2045,14,107,16,2,55.3,49.1,50.6
2046,14,108,16,2,49.3,58.2,56.1
2047,14,109,17,2,11.4,16.9,15.6
2048,14,110,17,2,27.1,30.1,29.3
2049,14,111,17,2,1.8,2.2,2.1
2050,14,112,17,2,4,5.6,5.2
2051,14,113,17,2,3.2,4.7,4.3
2052,14,114,17,2,7,11.6,10.4
2053,17,1,1,2,1047,970,1039
2054,17,2,1,2,984,951,982
2055,17,3,1,2,85,91.3,85.6
2056,17,4,1,2,85.9,86.1,85.9
2057,17,5,1,2,34.3,41.9,35.1
2058,17,6,1,2,16.4,15.9,16.4
2059,17,7,1,2,29.5,67.5,33
2060,17,8,1,2,57.7,44.3,56.3
2061,17,9,1,2,35.6,14.3,33.3
2062,17,10,1,2,91.3,97.2,92
2063,17,11,1,2,77.6,92,79.2
2064,17,12,1,2,89,94.4,89.6
2065,17,13,1,2,4.5,1.9,4.2
2066,17,14,1,2,28.7,75.5,33.7
2067,17,15,1,2,42.8,63.4,45
2068,17,16,1,2,79.5,85.5,80.2
2069,17,17,1,2,69.8,62.4,69
2070,17,18,1,2,0.8,0.6,0.8
2071,17,19,2,2,42.3,59.6,44.2
2072,17,20,2,2,87.2,89.1,87.4
2073,17,21,2,2,52.8,60.8,53.7
2074,17,22,2,2,33.8,44.1,34.7
2075,17,23,3,2,63.9,82,65.3
2076,17,24,3,2,28,22.4,27.4
2077,17,25,3,2,5.7,4.4,5.6
2078,17,26,3,2,NA,NA,NA
2079,17,27,3,2,76.2,60.8,74.6
2080,17,28,3,2,27.3,24.1,26.9
2081,17,29,3,2,19,13.5,18.3
2082,17,30,4,2,7.5,3.5,7.2
2083,17,31,4,2,53.9,54.1,53.9
2084,17,32,4,2,52.5,48.7,52.2
2085,17,33,4,2,43.5,37.9,43.1
2086,17,34,4,2,26.7,22.4,26.4
2087,17,35,4,2,93,96.8,93.3
2088,17,36,4,2,50.1,48.8,50
2089,17,37,4,2,38.9,31.1,38.3
2090,17,38,4,2,54.7,40.4,53.7
2091,17,39,5,2,57.6,64.3,58.1
2092,17,40,5,2,48.6,55.8,49.1
2093,17,41,5,2,8.4,4.5,8.2
2094,17,42,5,2,15,33.8,16.1
2095,17,43,5,2,9.6,4.1,9.2
2096,17,44,5,2,23.4,18.6,23
2097,17,45,5,2,6157,7397,6262
2098,17,46,6,2,56.1,56.8,56.1
2099,17,47,6,2,0,0,0
2100,17,48,7,2,81.5,91,82.1
2101,17,49,7,2,33.9,21.7,33.2
2102,17,50,7,2,39.1,33.2,38.8
2103,17,51,7,2,26.8,19.7,26.3
2104,17,52,7,2,10.4,10.4,10.4
2105,17,53,7,2,80.7,86.4,81.1
2106,17,54,7,2,73.7,65.9,73.2
2107,17,55,7,2,40.7,37.7,40.5
2108,17,56,7,2,34.4,25.8,33.8
2109,17,57,7,2,4.9,3.4,4.8
2110,17,58,7,2,72.3,79.4,72.7
2111,17,59,8,2,11.3,17.7,11.7
2112,17,60,8,2,79.3,69.2,78.8
2113,17,61,8,2,43,41.4,42.9
2114,17,62,8,2,29.2,13.4,28.3
2115,17,63,8,2,46.4,49.4,46.5
2116,17,64,8,2,11.8,16.4,12.1
2117,17,65,8,2,4.6,6,4.7
2118,17,66,8,2,25.9,39.9,26.6
2119,17,67,8,2,4.1,2,4
2120,17,68,8,2,44.6,39.5,44.3
2121,17,69,8,2,59.7,46,58.7
2122,17,70,8,2,50.6,37.7,49.7
2123,17,71,8,2,19.1,21.3,19.2
2124,17,72,8,2,16.8,16.8,16.8
2125,17,73,8,2,49.9,33.7,48.9
2126,17,74,8,2,60.7,64.8,60.9
2127,17,75,9,2,11,10.2,10.9
2128,17,76,9,2,9.2,4.3,8.8
2129,17,77,9,2,10.6,18.5,11.5
2130,17,78,9,2,12.9,34.2,14.4
2131,17,79,9,2,24.7,26.3,24.8
2132,17,80,9,2,60,62.2,60.3
2133,17,81,9,2,41.9,45.5,42.1
2134,17,82,9,2,53.3,58.3,53.8
2135,17,83,10,2,7,7.6,7.1
2136,17,84,10,2,13.7,16.3,13.9
2137,17,85,11,2,14.3,18.7,14.7
2138,17,86,11,2,16.8,23.4,17.4
2139,17,87,12,2,30,12.6,28.2
2140,17,88,12,2,59.7,41.4,57.7
2141,17,89,12,2,1.6,0.8,1.5
2142,17,90,12,2,33.5,23.3,32.4
2143,17,91,13,2,73.9,57.1,72.1
2144,17,92,13,2,600,700,600
2145,17,93,13,2,85,80.8,84.6
2146,17,94,13,2,81.3,58.8,79.2
2147,17,95,14,2,41,30.2,40
2148,17,96,14,2,65.4,61.4,65
2149,17,97,14,2,71.8,57,70.4
2150,17,98,14,2,67.5,67.4,67.5
2151,17,99,15,2,16.7,19,17
2152,17,100,15,2,12.5,18.1,13.1
2153,17,101,15,2,1.8,2.3,1.8
2154,17,102,15,2,0,0.8,0.7
2155,17,103,16,2,87.1,73.6,85.9
2156,17,104,16,2,85.2,77.9,84.5
2157,17,105,16,2,86.9,73.3,85.7
2158,17,106,16,2,84.5,77.9,83.9
2159,17,107,16,2,14.9,10.1,14.5
2160,17,108,16,2,14.1,36.2,16.3
2161,17,109,17,2,16.1,16.4,16.2
2162,17,110,17,2,50.6,55.8,51
2163,17,111,17,2,3.3,2,3.2
2164,17,112,17,2,4.7,3,4.6
2165,17,113,17,2,6.6,5.8,6.6
2166,17,114,17,2,8.1,9.8,8.3
2167,15,1,1,2,1026,856,1018
2168,15,2,1,2,997,1292,1007
2169,15,3,1,2,96.5,85.4,95.9
2170,15,4,1,2,94,79,93.4
2171,15,5,1,2,50.9,31.3,49.9
2172,15,6,1,2,7.4,19.5,7.9
2173,15,7,1,2,92.1,91.7,92.1
2174,15,8,1,2,24.1,44.4,25.2
2175,15,9,1,2,34.3,22.1,33.7
2176,15,10,1,2,98.1,95.9,98
2177,15,11,1,2,95.9,93.1,95.7
2178,15,12,1,2,97.9,96.3,97.8
2179,15,13,1,2,0.1,0.1,0.1
2180,15,14,1,2,84.4,73.2,83.8
2181,15,15,1,2,51.5,33.4,50.5
2182,15,16,1,2,96.6,85.3,96
2183,15,17,1,2,52.1,18.7,50.3
2184,15,18,1,2,0.8,0.7,0.8
2185,15,19,2,2,44.9,34.1,44.3
2186,15,20,2,2,95.1,82.6,94.4
2187,15,21,2,2,74.9,49.8,73.7
2188,15,22,2,2,67.9,60.9,67.6
2189,15,23,3,2,92.9,54.1,91
2190,15,24,3,2,30.9,35.6,31.2
2191,15,25,3,2,13.1,12.3,13
2192,15,26,3,2,0,0,0
2193,15,27,3,2,72,61.9,71.4
2194,15,28,3,2,19.3,12.2,18.9
2195,15,29,3,2,13.1,8.9,12.8
2196,15,30,4,2,4,5.6,4.1
2197,15,31,4,2,73.9,41.6,72.7
2198,15,32,4,2,59.5,21.2,58.1
2199,15,33,4,2,62.8,40,61.9
2200,15,34,4,2,38.2,15.8,37.3
2201,15,35,4,2,96.2,94.2,96.1
2202,15,36,4,2,43.8,31.1,43.3
2203,15,37,4,2,49.1,51.5,49.2
2204,15,38,4,2,68.1,68.9,68.2
2205,15,39,5,2,87.4,44.7,85.8
2206,15,40,5,2,75.1,39.7,73.8
2207,15,41,5,2,11.1,3.8,10.8
2208,15,42,5,2,27.4,7.1,24.4
2209,15,43,5,2,9.8,8.7,9.8
2210,15,44,5,2,40.2,27.8,40
2211,15,45,5,2,8938,4636,8925
2212,15,46,6,2,71.4,35.4,70
2213,15,47,6,2,0,0,0
2214,15,48,7,2,99.4,100,99.4
2215,15,49,7,2,57.3,35.2,56.6
2216,15,50,7,2,61.8,46.7,61.3
2217,15,51,7,2,28.5,16.5,28
2218,15,52,7,2,4.4,2,4.3
2219,15,53,7,2,45.7,50,45.8
2220,15,54,7,2,70.9,100,71.4
2221,15,55,7,2,28.6,100,29.8
2222,15,56,7,2,24.3,100,25.7
2223,15,57,7,2,0.6,0.7,0.6
2224,15,58,7,2,18,100,21.8
2225,15,59,8,2,4,6.4,4
2226,15,60,8,2,60.5,50.5,60.1
2227,15,61,8,2,68.1,63.7,67.9
2228,15,62,8,2,12.2,22.2,12.5
2229,15,63,8,2,28.7,32.6,28.9
2230,15,64,8,2,9.5,16.6,9.8
2231,15,65,8,2,4.7,8.9,4.9
2232,15,66,8,2,12.6,14,12.7
2233,15,67,8,2,10,11.2,10
2234,15,68,8,2,47.9,60.2,48.3
2235,15,69,8,2,64.4,59.6,64.2
2236,15,70,8,2,69.3,70.3,69.4
2237,15,71,8,2,26.2,24.4,26.2
2238,15,72,8,2,13.8,15.8,13.9
2239,15,73,8,2,62.1,48,61.5
2240,15,74,8,2,57.1,48.8,56.9
2241,15,75,9,2,5.4,3.8,5.3
2242,15,76,9,2,6,0,5.7
2243,15,77,9,2,24.6,16.9,24.2
2244,15,78,9,2,31.6,26.9,31.4
2245,15,79,9,2,27.5,33.2,27.7
2246,15,80,9,2,47,57.5,47.5
2247,15,81,9,2,34.3,22.1,33.2
2248,15,82,9,2,34.3,44.2,34.8
2249,15,83,10,2,8.4,8.1,8.4
2250,15,84,10,2,15.5,14.9,15.5
2251,15,85,11,2,12.7,10.5,12.6
2252,15,86,11,2,19.2,19.4,19.2
2253,15,87,12,2,62.1,49.6,61.6
2254,15,88,12,2,73.4,64.3,72.9
2255,15,89,12,2,0.8,4.4,0.9
2256,15,90,12,2,23.2,33,23.7
2257,15,91,13,2,95,70.2,93.7
2258,15,92,13,2,600,2100,600
2259,15,93,13,2,95.2,67.4,93.9
2260,15,94,13,2,94.4,89,94.2
2261,15,95,14,2,29.9,14.1,29.2
2262,15,96,14,2,20.5,26.2,20.8
2263,15,97,14,2,80.7,81.4,80.7
2264,15,98,14,2,82.4,79.1,82.3
2265,15,99,15,2,10.5,8.2,10.4
2266,15,100,15,2,6.8,8.2,6.9
2267,15,101,15,2,0.9,0,0.9
2268,15,102,15,2,0,1.1,1
2269,15,103,16,2,98.3,82.3,97.6
2270,15,104,16,2,99.1,97.8,99.1
2271,15,105,16,2,98.3,82.3,97.6
2272,15,106,16,2,99,93.8,98.9
2273,15,107,16,2,65.9,27.3,64.1
2274,15,108,16,2,66.2,46.4,65.7
2275,15,109,17,2,9.9,7.1,9.7
2276,15,110,17,2,33.5,39,33.8
2277,15,111,17,2,2.3,5.5,2.4
2278,15,112,17,2,3.6,4.7,3.7
2279,15,113,17,2,7.3,5,7.2
2280,15,114,17,2,11,14.3,11.1
2281,13,1,1,2,1016,907,1007
2282,13,2,1,2,949,952,949
2283,13,3,1,2,90.2,89.6,90.2
2284,13,4,1,2,85.3,84.6,85.2
2285,13,5,1,2,44.6,42.2,44.4
2286,13,6,1,2,5.3,9,5.6
2287,13,7,1,2,82.2,84.1,82.4
2288,13,8,1,2,71.3,24.6,67.3
2289,13,9,1,2,52.8,3.4,48.6
2290,13,10,1,2,98.5,99.5,98.6
2291,13,11,1,2,91.2,88.4,91
2292,13,12,1,2,95.6,95.8,95.6
2293,13,13,1,2,0.4,0.8,0.4
2294,13,14,1,2,39.7,78.8,43
2295,13,15,1,2,32.7,41.5,33.5
2296,13,16,1,2,73.5,69.5,73.2
2297,13,17,1,2,23.4,7.4,22
2298,13,18,1,2,0.9,0.2,0.9
2299,13,19,2,2,54,65.3,54.9
2300,13,20,2,2,93.9,97.6,94.2
2301,13,21,2,2,45.4,65.7,47.2
2302,13,22,2,2,50.4,43.8,49.9
2303,13,23,3,2,80.6,80.8,80.6
2304,13,24,3,2,57.3,58.5,57.4
2305,13,25,3,2,14.7,12.4,14.4
2306,13,26,3,2,0,0,0
2307,13,27,3,2,74.4,63.6,73.3
2308,13,28,3,2,9.2,8.6,9.1
2309,13,29,3,2,4.5,4.2,4.5
2310,13,30,4,2,3.5,6.4,3.8
2311,13,31,4,2,47.8,70,49.5
2312,13,32,4,2,17.8,54.6,20.7
2313,13,33,4,2,9,23.9,10.2
2314,13,34,4,2,4.1,19.6,5.3
2315,13,35,4,2,92.2,94.2,92.4
2316,13,36,4,2,17.4,15.5,17.2
2317,13,37,4,2,4.6,1.5,4.3
2318,13,38,4,2,27,7.1,25.5
2319,13,39,5,2,43.5,76.7,45.7
2320,13,40,5,2,34.2,58.5,35.8
2321,13,41,5,2,4.6,14.1,5.2
2322,13,42,5,2,19.3,11.3,19.1
2323,13,43,5,2,6.8,18.4,8
2324,13,44,5,2,40.4,15.7,37.1
2325,13,45,5,2,7956,10652,8302
2326,13,46,6,2,45.5,72.9,47.6
2327,13,47,6,2,0,0,0
2328,13,48,7,2,72.7,80.2,73.2
2329,13,49,7,2,36.6,45.9,37.1
2330,13,50,7,2,50,52.7,50.2
2331,13,51,7,2,16.9,23.6,17.3
2332,13,52,7,2,3.4,3.6,3.4
2333,13,53,7,2,35.9,51.6,37
2334,13,54,7,2,54.7,51.6,54.5
2335,13,55,7,2,9.8,0,9.1
2336,13,56,7,2,7.4,0,6.9
2337,13,57,7,2,1.1,0.5,1.1
2338,13,58,7,2,13.7,0,13.3
2339,13,59,8,2,4.2,10,4.7
2340,13,60,8,2,58,56.2,57.9
2341,13,61,8,2,42.5,70.1,43.5
2342,13,62,8,2,12.9,11.9,12.8
2343,13,63,8,2,32.7,32.6,32.7
2344,13,64,8,2,17.9,37.1,19.1
2345,13,65,8,2,7.2,17.9,7.9
2346,13,66,8,2,26.2,36.8,26.9
2347,13,67,8,2,4.9,5.3,4.9
2348,13,68,8,2,42.3,49.6,42.8
2349,13,69,8,2,60.4,19.5,57.7
2350,13,70,8,2,26.8,7.3,25.5
2351,13,71,8,2,11.7,14.2,11.8
2352,13,72,8,2,7.1,5.2,7
2353,13,73,8,2,24.6,6.8,23.4
2354,13,74,8,2,41,39.7,40.9
2355,13,75,9,2,10.9,12.2,11
2356,13,76,9,2,7,13.3,7.5
2357,13,77,9,2,13.9,19.8,14.4
2358,13,78,9,2,22.8,34.7,23.8
2359,13,79,9,2,29.5,29.8,29.6
2360,13,80,9,2,62.9,53.1,62
2361,13,81,9,2,16.4,51.3,19
2362,13,82,9,2,27.7,41.1,28.9
2363,13,83,10,2,5.1,10.1,5.6
2364,13,84,10,2,12,15.8,12.4
2365,13,85,11,2,14.8,13.8,14.7
2366,13,86,11,2,18.7,15.6,18.3
2367,13,87,12,2,13.6,14.9,13.7
2368,13,88,12,2,48.5,46.5,48.4
2369,13,89,12,2,0.8,2.3,0.9
2370,13,90,12,2,23.5,28.3,23.9
2371,13,91,13,2,71,70,70.9
2372,13,92,13,2,600,400,600
2373,13,93,13,2,94.4,88.5,93.9
2374,13,94,13,2,89,77.4,88.1
2375,13,95,14,2,24.3,15,23.6
2376,13,96,14,2,27.7,16.1,26.8
2377,13,97,14,2,64.1,58.2,63.7
2378,13,98,14,2,82.1,86.7,82.5
2379,13,99,15,2,8.3,13.1,8.7
2380,13,100,15,2,4.4,9.5,4.8
2381,13,101,15,2,0.4,0,0.3
2382,13,102,15,2,0,0,0
2383,13,103,16,2,97,90.8,96.5
2384,13,104,16,2,97.9,96,97.7
2385,13,105,16,2,96.6,90.8,96.2
2386,13,106,16,2,97.8,96,97.7
2387,13,107,16,2,26.9,9.5,25.6
2388,13,108,16,2,39.9,29.1,39.1
2389,13,109,17,2,23.6,23.8,23.6
2390,13,110,17,2,30,48.9,31.6
2391,13,111,17,2,1.3,1.1,1.3
2392,13,112,17,2,2.2,6.3,2.6
2393,13,113,17,2,3.5,2.7,3.4
2394,13,114,17,2,6.4,4.4,6.1
2395,21,1,1,2,1074,1059,1063
2396,21,2,1,2,943,913,922
2397,21,3,1,2,75.2,90.4,86.8
2398,21,4,1,2,54.8,77,71.5
2399,21,5,1,2,18.1,37.8,33
2400,21,6,1,2,28.3,17.8,20.5
2401,21,7,1,2,93.6,95,94.7
2402,21,8,1,2,62.2,44.6,48.9
2403,21,9,1,2,66.5,53.5,56.7
2404,21,10,1,2,91.5,97.8,96.3
2405,21,11,1,2,86.2,92.3,90.8
2406,21,12,1,2,48.3,70.5,65.1
2407,21,13,1,2,50.5,28.5,33.9
2408,21,14,1,2,12.9,41.8,34.7
2409,21,15,1,2,33.3,67.3,59
2410,21,16,1,2,29.1,51.4,46
2411,21,17,1,2,46.1,48.5,47.9
2412,21,18,1,2,0.9,1,1
2413,21,19,2,2,22.2,40.5,36.1
2414,21,20,2,2,78.5,91.4,88.3
2415,21,21,2,2,36.8,70.4,62.2
2416,21,22,2,2,11.8,29.1,24.9
2417,21,23,3,2,69.1,86.3,81.7
2418,21,24,3,2,71.4,75,74.1
2419,21,25,3,2,25.6,28.7,28
2420,21,26,3,2,0.7,0.2,0.3
2421,21,27,3,2,86.2,71.6,74.8
2422,21,28,3,2,6.2,7.5,7.2
2423,21,29,3,2,2.6,2.5,2.5
2424,21,30,4,2,9.3,6.9,7.5
2425,21,31,4,2,73.9,78,76.9
2426,21,32,4,2,70,81.2,78.1
2427,21,33,4,2,59.3,61.4,60.8
2428,21,34,4,2,46,51.3,49.8
2429,21,35,4,2,99.3,99.4,99.4
2430,21,36,4,2,91.5,85.9,87.4
2431,21,37,4,2,94,90.6,91.5
2432,21,38,4,2,97.3,95,95.6
2433,21,39,5,2,82.8,96,92.2
2434,21,40,5,2,81,77.7,78.7
2435,21,41,5,2,7.8,27.2,21.6
2436,21,42,5,2,18.3,38.5,25.3
2437,21,43,5,2,8.5,18.2,15.3
2438,21,44,5,2,75.9,72.7,73.5
2439,21,45,5,2,3273,8529,7108
2440,21,46,6,2,89.6,93.5,92.4
2441,21,47,6,2,6.3,11.1,8.4
2442,21,48,7,2,84.2,93.4,90.8
2443,21,49,7,2,81.5,88,86.2
2444,21,50,7,2,86.3,92.5,90.7
2445,21,51,7,2,43.9,43.6,43.7
2446,21,52,7,2,10,9.5,9.7
2447,21,53,7,2,55.6,73.7,68.4
2448,21,54,7,2,56.6,69.5,65.7
2449,21,55,7,2,37.9,36.4,36.9
2450,21,56,7,2,29.3,30.8,30.4
2451,21,57,7,2,2.3,3.5,3.2
2452,21,58,7,2,31.1,48.4,44.8
2453,21,59,8,2,21.9,18.1,19.2
2454,21,60,8,2,71.3,67.3,68.5
2455,21,61,8,2,80.7,69.9,73.1
2456,21,62,8,2,19.5,19.9,19.8
2457,21,63,8,2,42.9,26,31
2458,21,64,8,2,22.7,16.1,18.1
2459,21,65,8,2,8.4,5.1,6.1
2460,21,66,8,2,42.1,24.5,29.7
2461,21,67,8,2,2.9,3.7,3.5
2462,21,68,8,2,73.2,62,65.4
2463,21,69,8,2,90,85.2,86.5
2464,21,70,8,2,95.8,92.9,93.8
2465,21,71,8,2,42.1,39.9,40.5
2466,21,72,8,2,31.7,29.5,30.1
2467,21,73,8,2,90.1,86.6,87.6
2468,21,74,8,2,85,83.3,83.8
2469,21,75,9,2,30.7,17.7,20.9
2470,21,76,9,2,18.7,14.1,15.3
2471,21,77,9,2,8.7,27.5,23
2472,21,78,9,2,12.2,25.4,22
2473,21,79,9,2,46.5,58.4,55.4
2474,21,80,9,2,59.6,63.9,62.9
2475,21,81,9,2,69,58.6,61.8
2476,21,82,9,2,71.7,61.9,64.3
2477,21,83,10,2,6.3,10.2,9.2
2478,21,84,10,2,11.8,18.8,17.1
2479,21,85,11,2,13.7,13.1,13.2
2480,21,86,11,2,18.1,17.6,17.8
2481,21,87,12,2,35.4,23.1,26
2482,21,88,12,2,61.2,48.7,51.6
2483,21,89,12,2,14.4,1.2,4.3
2484,21,90,12,2,49.7,22.3,28.7
2485,21,91,13,2,91.1,78.1,81.3
2486,21,92,13,2,400,200,200
2487,21,93,13,2,96.1,98.2,97.7
2488,21,94,13,2,97.1,97.8,97.7
2489,21,95,14,2,37.8,21.8,25.7
2490,21,96,14,2,52.7,40.6,43.5
2491,21,97,14,2,83.2,87.6,86.5
2492,21,98,14,2,33.4,55.4,50.1
2493,21,99,15,2,37.6,33,34.2
2494,21,100,15,2,27,21.1,22.6
2495,21,101,15,2,4.5,3,3.3
2496,21,102,15,2,0.7,1.8,1
2497,21,103,16,2,95.3,98.6,97.8
2498,21,104,16,2,96.9,99,98.5
2499,21,105,16,2,95.3,98.5,97.7
2500,21,106,16,2,96.5,98.9,98.3
2501,21,107,16,2,16,23.1,21.4
2502,21,108,16,2,18,26.7,24.6
2503,21,109,17,2,34.8,27.6,29.5
2504,21,110,17,2,71.2,62.4,64.8
2505,21,111,17,2,2.8,4.2,3.8
2506,21,112,17,2,3.9,4.8,4.5
2507,21,113,17,2,5.4,3.1,3.7
2508,21,114,17,2,8.5,6.1,6.8
2509,8,1,1,2,1016,1008,1009
2510,8,2,1,2,868,898,894
2511,8,3,1,2,78.2,86.5,85.4
2512,8,4,1,2,55,64.8,63.5
2513,8,5,1,2,23.8,34.9,33.4
2514,8,6,1,2,25.1,24.7,24.8
2515,8,7,1,2,88.7,90.5,90.2
2516,8,8,1,2,43.8,20.3,23.6
2517,8,9,1,2,77.1,53.7,56.9
2518,8,10,1,2,95.4,98.3,97.9
2519,8,11,1,2,92.7,97.1,96.4
2520,8,12,1,2,48.6,80.7,76.3
2521,8,13,1,2,50.9,17.8,22.5
2522,8,14,1,2,14.1,45.8,41.4
2523,8,15,1,2,35.3,57.5,54.4
2524,8,16,1,2,56.1,78.5,75.3
2525,8,17,1,2,90,87.5,87.8
2526,8,18,1,2,0.7,0.7,0.7
2527,8,19,2,2,47.9,67.2,64.5
2528,8,20,2,2,94,97.8,97.2
2529,8,21,2,2,30.6,54.1,51
2530,8,22,2,2,20.4,39.6,36.9
2531,8,23,3,2,72.6,86.2,84.3
2532,8,24,3,2,71,72.5,72.3
2533,8,25,3,2,45.1,41.9,42.4
2534,8,26,3,2,0.2,0.3,0.2
2535,8,27,3,2,86,74.6,76
2536,8,28,3,2,7.1,7.7,7.6
2537,8,29,3,2,3.5,3.8,3.7
2538,8,30,4,2,4.8,3.5,3.7
2539,8,31,4,2,74.9,76.5,76.3
2540,8,32,4,2,55.9,55.3,55.4
2541,8,33,4,2,29.6,34.5,33.9
2542,8,34,4,2,17.8,22.3,21.7
2543,8,35,4,2,97.9,98.2,98.1
2544,8,36,4,2,68.3,57.2,58.7
2545,8,37,4,2,70.6,53,55.4
2546,8,38,4,2,77.5,58.2,60.8
2547,8,39,5,2,94,95,94.9
2548,8,40,5,2,84.6,75.8,77
2549,8,41,5,2,4.5,11.3,10.4
2550,8,42,5,2,19.8,29.9,28.2
2551,8,43,5,2,3.9,7.8,7.2
2552,8,44,5,2,57.2,47,48.4
2553,8,45,5,2,1847,3506,3266
2554,8,46,6,2,88.6,85.9,86.3
2555,8,47,6,2,0,0,0
2556,8,48,7,2,90.3,91.5,91.4
2557,8,49,7,2,65.6,64.5,64.7
2558,8,50,7,2,77.7,73.8,74.4
2559,8,51,7,2,28.6,29.5,29.3
2560,8,52,7,2,5.6,6.2,6.1
2561,8,53,7,2,80,86.7,85.8
2562,8,54,7,2,63,64.5,64.3
2563,8,55,7,2,38,25.7,27.2
2564,8,56,7,2,30.6,20.1,21.5
2565,8,57,7,2,2,3.1,2.9
2566,8,58,7,2,39.9,47.6,46.9
2567,8,59,8,2,21.9,17,17.7
2568,8,60,8,2,47.3,39.6,40.7
2569,8,61,8,2,73.9,69.9,70.5
2570,8,62,8,2,8.3,8.2,8.2
2571,8,63,8,2,35.4,31.2,31.8
2572,8,64,8,2,18.7,16.4,16.8
2573,8,65,8,2,7.9,7.5,7.6
2574,8,66,8,2,31.9,26.9,27.6
2575,8,67,8,2,2.4,3.4,3.3
2576,8,68,8,2,75.5,70.8,71.5
2577,8,69,8,2,63.2,48.3,50.4
2578,8,70,8,2,72.9,54.1,56.8
2579,8,71,8,2,11.2,12.6,12.4
2580,8,72,8,2,14.6,13,13.2
2581,8,73,8,2,59.9,48.5,50.1
2582,8,74,8,2,71.6,65.9,66.9
2583,8,75,9,2,24.8,18.8,19.5
2584,8,76,9,2,16.7,13.5,13.9
2585,8,77,9,2,5.7,13.9,12.9
2586,8,78,9,2,10.3,15.6,14.9
2587,8,79,9,2,35.7,43.2,42.2
2588,8,80,9,2,62.7,58.5,59
2589,8,81,9,2,49.4,45.8,46.3
2590,8,82,9,2,61.6,53.3,54.4
2591,8,83,10,2,3.9,3.9,3.9
2592,8,84,10,2,9.8,8.9,9
2593,8,85,11,2,7.5,8.4,8.3
2594,8,86,11,2,10.5,11.6,11.5
2595,8,87,12,2,9.5,6.5,6.9
2596,8,88,12,2,50,40.8,42
2597,8,89,12,2,0.3,0.3,0.3
2598,8,90,12,2,16.9,10.1,11
2599,8,91,13,2,5.5,3.9,4.1
2600,8,92,13,2,200,200,200
2601,8,93,13,2,95.5,97.3,97.1
2602,8,94,13,2,96.4,96.7,96.6
2603,8,95,14,2,21.6,16.7,17.4
2604,8,96,14,2,30.5,25.9,26.6
2605,8,97,14,2,76.2,80.2,79.6
2606,8,98,14,2,34,52.8,50.2
2607,8,99,15,2,32.5,24.5,25.6
2608,8,100,15,2,19.1,15.9,16.4
2609,8,101,15,2,2.2,1.8,1.9
2610,8,102,15,2,0.8,0,0.6
2611,8,103,16,2,89.8,91.7,91.5
2612,8,104,16,2,95.5,97.7,97.4
2613,8,105,16,2,87,90.6,90.1
2614,8,106,16,2,95.4,97.3,97
2615,8,107,16,2,20.9,27.8,26.8
2616,8,108,16,2,25.9,37.1,35.6
2617,8,109,17,2,36.2,31.3,32
2618,8,110,17,2,64.8,56.3,57.4
2619,8,111,17,2,2.4,1.6,1.7
2620,8,112,17,2,2.2,2.2,2.2
2621,8,113,17,2,3.4,3.3,3.3
2622,8,114,17,2,4.1,5.1,5
2623,11,1,1,2,1030,969,990
2624,11,2,1,2,825,1034,962
2625,11,3,1,2,90.5,91.1,90.9
2626,11,4,1,2,82.5,84.4,83.7
2627,11,5,1,2,52.2,47.3,49
2628,11,6,1,2,6.9,12.8,10.7
2629,11,7,1,2,94,92.2,92.8
2630,11,8,1,2,39.2,36.1,37.2
2631,11,9,1,2,44.4,37.5,39.9
2632,11,10,1,2,99.4,99.3,99.3
2633,11,11,1,2,93.1,94.4,94
2634,11,12,1,2,98.3,97.9,98
2635,11,13,1,2,0.3,0.4,0.4
2636,11,14,1,2,76.4,79.5,78.4
2637,11,15,1,2,74.3,76.4,75.7
2638,11,16,1,2,88.2,88.6,88.4
2639,11,17,1,2,27.7,28.2,28
2640,11,18,1,2,0.8,1.3,1.1
2641,11,19,2,2,76.5,79.7,78.6
2642,11,20,2,2,95.8,95.7,95.7
2643,11,21,2,2,73.5,71.9,72.5
2644,11,22,2,2,72.8,78.3,76.7
2645,11,23,3,2,88,85.2,86.3
2646,11,24,3,2,68.5,69.5,69.1
2647,11,25,3,2,12.3,15.6,14.5
2648,11,26,3,2,2,1.5,1.7
2649,11,27,3,2,66.4,73.9,71.3
2650,11,28,3,2,15.5,10.1,11.9
2651,11,29,3,2,8.5,3.1,4.9
2652,11,30,4,2,4.1,2.4,3.1
2653,11,31,4,2,60.5,65.3,63.7
2654,11,32,4,2,55.7,59.8,58.4
2655,11,33,4,2,45.8,59.3,54.7
2656,11,34,4,2,30.9,36.9,34.9
2657,11,35,4,2,95.5,94.2,94.6
2658,11,36,4,2,56.8,55.3,55.8
2659,11,37,4,2,55.5,49,51.2
2660,11,38,4,2,60.8,52.9,55.6
2661,11,39,5,2,97.1,93.6,94.7
2662,11,40,5,2,87.8,74,78.6
2663,11,41,5,2,36.2,31.1,32.8
2664,11,42,5,2,62.5,47.2,50.1
2665,11,43,5,2,35.6,27.2,30.4
2666,11,44,5,2,5.3,6,5.8
2667,11,45,5,2,12919,12086,12392
2668,11,46,6,2,69,72.3,71.2
2669,11,47,6,2,0,0,0
2670,11,48,7,2,98.9,95.4,96.5
2671,11,49,7,2,61.1,50.8,53.8
2672,11,50,7,2,70,56.3,60.3
2673,11,51,7,2,41.6,45.5,44.1
2674,11,52,7,2,6.6,5,5.5
2675,11,53,7,2,14.3,85.1,57.1
2676,11,54,7,2,25.7,89.4,64.2
2677,11,55,7,2,43.3,54.4,50
2678,11,56,7,2,18.1,50.1,37.5
2679,11,57,7,2,0.1,1,0.7
2680,11,58,7,2,100,14.2,19.1
2681,11,59,8,2,4.9,12.4,9.8
2682,11,60,8,2,28.8,35,33
2683,11,61,8,2,17.4,31.2,28.3
2684,11,62,8,2,26.2,20.3,22.4
2685,11,63,8,2,23,21.9,22.3
2686,11,64,8,2,10.4,15.3,13.6
2687,11,65,8,2,4.7,7.6,6.6
2688,11,66,8,2,16,11.6,13.1
2689,11,67,8,2,14.6,7,9.6
2690,11,68,8,2,58.4,54,55.6
2691,11,69,8,2,66,58.7,61.1
2692,11,70,8,2,55.5,46.8,49.7
2693,11,71,8,2,34,32.1,32.7
2694,11,72,8,2,29.3,25.2,26.6
2695,11,73,8,2,67.3,58.9,61.7
2696,11,74,8,2,77.7,67.4,71.1
2697,11,75,9,2,4.2,6.7,5.8
2698,11,76,9,2,2.9,5.6,4.8
2699,11,77,9,2,35.2,34.6,34.8
2700,11,78,9,2,30.7,37.5,35.4
2701,11,79,9,2,68.8,52.3,57.3
2702,11,80,9,2,76.3,75.2,75.6
2703,11,81,9,2,28.4,40.3,36.9
2704,11,82,9,2,42.6,41.5,41.9
2705,11,83,10,2,7.8,8.6,8.3
2706,11,84,10,2,14.5,16.3,15.6
2707,11,85,11,2,25.2,25.4,25.3
2708,11,86,11,2,40,29.7,33.2
2709,11,87,12,2,12,11.5,11.7
2710,11,88,12,2,39.2,42.4,41.3
2711,11,89,12,2,19.8,14.3,16.3
2712,11,90,12,2,44.4,37.4,39.9
2713,11,91,13,2,5.3,8.8,7.6
2714,11,92,13,2,800,500,600
2715,11,93,13,2,95.7,88.3,90.8
2716,11,94,13,2,93.2,81.4,85
2717,11,95,14,2,21.2,37.3,32.7
2718,11,96,14,2,51.4,53.7,53.1
2719,11,97,14,2,73.2,77.7,76.4
2720,11,98,14,2,89.6,88.3,88.6
2721,11,99,15,2,10,12.3,11.7
2722,11,100,15,2,9.6,7.3,7.8
2723,11,101,15,2,0.4,1.9,1.5
2724,11,102,15,2,0.2,0,0.1
2725,11,103,16,2,97.7,95.4,96.1
2726,11,104,16,2,97.1,98.2,97.9
2727,11,105,16,2,97.2,95.4,95.9
2728,11,106,16,2,96.7,98.2,97.8
2729,11,107,16,2,17.4,26.5,23.9
2730,11,108,16,2,18.6,19.4,19.1
2731,11,109,17,2,9.4,12.5,11.3
2732,11,110,17,2,42.2,43.8,43.2
2733,11,111,17,2,4.5,1,2.4
2734,11,112,17,2,5.5,5.6,5.5
2735,11,113,17,2,6.4,10.2,8.7
2736,11,114,17,2,17,13.8,14.8
2737,36,1,1,2,1016,1052,1049
2738,36,2,1,2,857,922,917
2739,36,3,1,2,67.6,79.8,78.8
2740,36,4,1,2,46.7,62.2,61
2741,36,5,1,2,29.7,47,45.5
2742,36,6,1,2,25,23.3,23.4
2743,36,7,1,2,95.4,95.9,95.9
2744,36,8,1,2,88.7,84.5,84.9
2745,36,9,1,2,60.9,43,44.4
2746,36,10,1,2,98.8,99.4,99.3
2747,36,11,1,2,97.8,98.8,98.7
2748,36,12,1,2,66.6,86.1,84.5
2749,36,13,1,2,31.3,11.1,12.7
2750,36,14,1,2,84.8,92.4,91.8
2751,36,15,1,2,66.4,80.3,79.2
2752,36,16,1,2,49.7,66,64.7
2753,36,17,1,2,73.2,68.8,69.2
2754,36,18,1,2,0.9,1.1,1
2755,36,19,2,2,19.5,28.5,27.7
2756,36,20,2,2,88.9,92.8,92.5
2757,36,21,2,2,70.2,80.8,79.9
2758,36,22,2,2,17.4,27.2,26.5
2759,36,23,3,2,88.7,93.9,93.4
2760,36,24,3,2,65.2,68.4,68.1
2761,36,25,3,2,59.3,62.1,61.9
2762,36,26,3,2,2.4,1.9,2
2763,36,27,3,2,66.1,65.7,65.7
2764,36,28,3,2,7.1,6.4,6.4
2765,36,29,3,2,3.5,2.7,2.8
2766,36,30,4,2,10.1,5.3,5.8
2767,36,31,4,2,82.3,89.1,88.5
2768,36,32,4,2,67.3,70.7,70.5
2769,36,33,4,2,52.6,58.4,57.9
2770,36,34,4,2,34.3,38.4,38
2771,36,35,4,2,97,96.7,96.7
2772,36,36,4,2,74.7,72.6,72.7
2773,36,37,4,2,85.3,77.7,78.4
2774,36,38,4,2,87.4,80.1,80.7
2775,36,39,5,2,94,97.3,97
2776,36,40,5,2,54.2,49.2,49.7
2777,36,41,5,2,54.2,61.3,60.7
2778,36,42,5,2,42.3,55.3,52.9
2779,36,43,5,2,38.1,45.1,44.5
2780,36,44,5,2,17.4,12.9,13.3
2781,36,45,5,2,11871,14038,13851
2782,36,46,6,2,86.4,88.6,88.4
2783,36,47,6,2,0,0,0
2784,36,48,7,2,84.2,90.3,89.8
2785,36,49,7,2,60.4,69.4,68.6
2786,36,50,7,2,76.1,77.9,77.8
2787,36,51,7,2,40,38.2,38.3
2788,36,52,7,2,8,7.3,7.4
2789,36,53,7,2,77.3,74.5,74.8
2790,36,54,7,2,49.1,57,56.3
2791,36,55,7,2,45.8,37.8,38.5
2792,36,56,7,2,22.9,25.1,24.9
2793,36,57,7,2,1.2,2.3,2.2
2794,36,58,7,2,72.3,61.6,62.1
2795,36,59,8,2,13.5,13.9,13.9
2796,36,60,8,2,39.9,36.8,37.1
2797,36,61,8,2,73.1,67.7,68.2
2798,36,62,8,2,12.9,8.4,8.8
2799,36,63,8,2,34.3,33,33.1
2800,36,64,8,2,23.5,21.5,21.7
2801,36,65,8,2,8.9,8.5,8.5
2802,36,66,8,2,33.5,31.6,31.8
2803,36,67,8,2,4.4,3.3,3.4
2804,36,68,8,2,78.3,69.5,70.3
2805,36,69,8,2,75,68.4,69
2806,36,70,8,2,85.2,78.6,79.2
2807,36,71,8,2,25.5,20.2,20.6
2808,36,72,8,2,28.5,23.1,23.5
2809,36,73,8,2,74.8,70.4,70.8
2810,36,74,8,2,81,81.4,81.4
2811,36,75,9,2,21.5,18.5,18.8
2812,36,76,9,2,23.4,15,15.8
2813,36,77,9,2,23,30.8,30.1
2814,36,78,9,2,18.3,33.4,32
2815,36,79,9,2,36.7,46.6,45.7
2816,36,80,9,2,45,44,44
2817,36,81,9,2,61.8,52.2,53.2
2818,36,82,9,2,64,57,57.6
2819,36,83,10,2,9,8.9,8.9
2820,36,84,10,2,13.5,18.6,18.1
2821,36,85,11,2,14.3,15.1,15
2822,36,86,11,2,16.9,23.9,23.2
2823,36,87,12,2,10.4,5.1,5.6
2824,36,88,12,2,32.2,21.4,22.3
2825,36,89,12,2,10,6.4,6.7
2826,36,90,12,2,50.7,42.8,43.4
2827,36,91,13,2,17.7,6.6,7.5
2828,36,92,13,2,300,200,200
2829,36,93,13,2,80.9,85.6,85.2
2830,36,94,13,2,77.4,79,78.9
2831,36,95,14,2,56.1,44.2,45.1
2832,36,96,14,2,73.4,66.1,66.6
2833,36,97,14,2,79.8,84.7,84.4
2834,36,98,14,2,46.6,61.1,60
2835,36,99,15,2,44.2,40.2,40.5
2836,36,100,15,2,37.9,31.4,31.9
2837,36,101,15,2,3.2,4.2,4.2
2838,36,102,15,2,1,0.6,0.9
2839,36,103,16,2,88,93.4,93
2840,36,104,16,2,92.3,93.9,93.8
2841,36,105,16,2,87.9,93.3,92.9
2842,36,106,16,2,91,93.6,93.4
2843,36,107,16,2,24.6,31.2,30.7
2844,36,108,16,2,21.9,30,29.4
2845,36,109,17,2,32.8,34.3,34.2
2846,36,110,17,2,64.8,58.6,59.3
2847,36,111,17,2,4.8,2.8,3
2848,36,112,17,2,4.3,3.3,3.4
2849,36,113,17,2,4,3.7,3.7
2850,36,114,17,2,6.8,8.1,8
2851,16,1,1,2,1024,1005,1011
2852,16,2,1,2,980,968,972
2853,16,3,1,2,86.5,92.4,90.8
2854,16,4,1,2,72.5,85.4,81.8
2855,16,5,1,2,13.1,27.1,23.2
2856,16,6,1,2,40.1,40,40.1
2857,16,7,1,2,90.8,93.6,92.9
2858,16,8,1,2,45.2,42.6,43.3
2859,16,9,1,2,27.3,14.8,18.2
2860,16,10,1,2,95.7,98.8,97.9
2861,16,11,1,2,75.2,93.6,88.5
2862,16,12,1,2,81.7,91.1,88.5
2863,16,13,1,2,2.5,0.5,1.1
2864,16,14,1,2,33.2,49.9,45.3
2865,16,15,1,2,17.3,39,33
2866,16,16,1,2,46.5,72.5,65.4
2867,16,17,1,2,38.6,35.6,36.4
2868,16,18,1,2,1,1,1
2869,16,19,2,2,38,50.2,46.8
2870,16,20,2,2,86.4,93.5,91.5
2871,16,21,2,2,43.3,58.6,54.4
2872,16,22,2,2,18.8,24.4,22.9
2873,16,23,3,2,63.5,71.6,69.1
2874,16,24,3,2,71,71.2,71.2
2875,16,25,3,2,5.4,12.4,10.5
2876,16,26,3,2,0,0,0
2877,16,27,3,2,41.1,37.5,38.4
2878,16,28,3,2,9.2,7.8,8.2
2879,16,29,3,2,3.4,2.2,2.5
2880,16,30,4,2,20.7,22.5,21.9
2881,16,31,4,2,55.3,66.6,63.2
2882,16,32,4,2,44.3,58.3,54.1
2883,16,33,4,2,23.4,28.1,26.6
2884,16,34,4,2,10.1,17.4,15.2
2885,16,35,4,2,90.5,94,93
2886,16,36,4,2,46.9,50.7,49.6
2887,16,37,4,2,55.4,56.8,56.4
2888,16,38,4,2,77.5,77.7,77.6
2889,16,39,5,2,85.9,90.6,89.2
2890,16,40,5,2,83.1,76.7,78.7
2891,16,41,5,2,11,31.5,25.1
2892,16,42,5,2,3.6,16.9,11.5
2893,16,43,5,2,10.6,28.7,22.7
2894,16,44,5,2,23.4,16.3,18.4
2895,16,45,5,2,6077,12010,10107
2896,16,46,6,2,66.7,75.8,73.1
2897,16,47,6,2,0,0,0
2898,16,48,7,2,89.4,95.9,93.9
2899,16,49,7,2,36.9,52.1,47.6
2900,16,50,7,2,51.6,62.7,59.4
2901,16,51,7,2,27.1,33.9,31.8
2902,16,52,7,2,8.7,5.1,6.2
2903,16,53,7,2,68.9,71.1,70.2
2904,16,54,7,2,72.7,62.9,67.2
2905,16,55,7,2,16.4,16.9,16.7
2906,16,56,7,2,9.4,11.5,10.6
2907,16,57,7,2,1.5,1.2,1.3
2908,16,58,7,2,43,43.8,43.5
2909,16,59,8,2,11.8,23.1,19.7
2910,16,60,8,2,34,37.5,36.4
2911,16,61,8,2,65.8,60.9,62.5
2912,16,62,8,2,16.4,12.2,13.5
2913,16,63,8,2,34.4,31.4,32.3
2914,16,64,8,2,20.4,17.3,18.2
2915,16,65,8,2,9.5,6.4,7.3
2916,16,66,8,2,30.7,23.2,25.6
2917,16,67,8,2,8.6,8,8.2
2918,16,68,8,2,73.9,60,64.4
2919,16,69,8,2,65.5,72.2,70.1
2920,16,70,8,2,69.1,70.6,70.2
2921,16,71,8,2,20.7,24.4,23.3
2922,16,72,8,2,10.8,7.9,8.8
2923,16,73,8,2,55,60.9,59
2924,16,74,8,2,66.4,63.4,64.2
2925,16,75,9,2,12.4,17.7,16.2
2926,16,76,9,2,9.8,13.3,12.4
2927,16,77,9,2,16.5,23.5,21.6
2928,16,78,9,2,26.6,22.5,23.6
2929,16,79,9,2,35.1,43.1,41
2930,16,80,9,2,59.8,63.6,62.5
2931,16,81,9,2,61.6,61.5,61.5
2932,16,82,9,2,66.8,67.3,67.2
2933,16,83,10,2,12,13.5,13.1
2934,16,84,10,2,16.8,20.3,19.4
2935,16,85,11,2,11.3,14.1,13.3
2936,16,86,11,2,16,16.8,16.6
2937,16,87,12,2,53,49.4,50.4
2938,16,88,12,2,62.3,55,56.9
2939,16,89,12,2,18.3,1.8,6.3
2940,16,90,12,2,52.3,26.4,33.2
2941,16,91,13,2,97.1,98.2,97.9
2942,16,92,13,2,300,400,300
2943,16,93,13,2,95,98.5,97.5
2944,16,94,13,2,93.7,96.5,95.8
2945,16,95,14,2,28.3,21.3,23.1
2946,16,96,14,2,21.2,15.7,17.2
2947,16,97,14,2,77.3,76.8,76.9
2948,16,98,14,2,46.4,55.4,53.1
2949,16,99,15,2,29.1,27.1,27.6
2950,16,100,15,2,15.7,12.3,13.2
2951,16,101,15,2,4.1,1.5,2.1
2952,16,102,15,2,0.8,3.2,1.5
2953,16,103,16,2,87,93.9,92.1
2954,16,104,16,2,87.6,97.6,95.1
2955,16,105,16,2,86.6,93.5,91.7
2956,16,106,16,2,87.6,97.5,95
2957,16,107,16,2,16.4,15,15.4
2958,16,108,16,2,25.8,31.9,30.4
2959,16,109,17,2,17.8,30.6,26.5
2960,16,110,17,2,70.4,63.8,65.8
2961,16,111,17,2,6.1,6.1,6.1
2962,16,112,17,2,6.4,5.8,5.9
2963,16,113,17,2,5,3.9,4.2
2964,16,114,17,2,5.8,5.7,5.7
2965,5,1,1,2,1026,1064,1062
2966,5,2,1,2,832,943,939
2967,5,3,1,2,88.3,91.2,91.1
2968,5,4,1,2,70.5,75.5,75.3
2969,5,5,1,2,50.7,50.3,50.4
2970,5,6,1,2,*,9.9,9.8
2971,5,7,1,2,96.4,95.1,95.1
2972,5,8,1,2,42.1,31.4,31.7
2973,5,9,1,2,59.8,46.4,46.8
2974,5,10,1,2,99.4,99.4,99.4
2975,5,11,1,2,97.7,95.5,95.5
2976,5,12,1,2,86.1,92.7,92.5
2977,5,13,1,2,12.6,6.2,6.4
2978,5,14,1,2,49.1,59.5,59.2
2979,5,15,1,2,57.6,76.2,75.7
2980,5,16,1,2,86.4,86.5,86.5
2981,5,17,1,2,70.4,62.3,62.5
2982,5,18,1,2,1.1,0.9,0.9
2983,5,19,2,2,76.6,68.9,69.1
2984,5,20,2,2,95.6,96.5,96.5
2985,5,21,2,2,58.2,66.6,66.3
2986,5,22,2,2,28.4,45.9,45.1
2987,5,23,3,2,98.9,91.2,91.5
2988,5,24,3,2,77.9,70.5,70.8
2989,5,25,3,2,28.6,25.9,26
2990,5,26,3,2,0,0.7,0.7
2991,5,27,3,2,50.3,52,51.9
2992,5,28,3,2,6.6,8.9,8.8
2993,5,29,3,2,4.2,3.2,3.2
2994,5,30,4,2,4.8,2.4,2.4
2995,5,31,4,2,77.7,68.5,68.8
2996,5,32,4,2,67.1,61.7,61.8
2997,5,33,4,2,54.9,46.3,46.5
2998,5,34,4,2,36.6,31.2,31.4
2999,5,35,4,2,100,97,97.1
3000,5,36,4,2,67.1,68,67.9
3001,5,37,4,2,79.9,68.8,69.1
3002,5,38,4,2,93,85.5,85.7
3003,5,39,5,2,84.8,83.2,83.2
3004,5,40,5,2,50.3,53.4,53.3
3005,5,41,5,2,13,20.7,20.4
3006,5,42,5,2,*,20.3,20.6
3007,5,43,5,2,*,14.2,14
3008,5,44,5,2,44.6,35.5,35.8
3009,5,45,5,2,7572,10523,10430
3010,5,46,6,2,86.3,84.5,84.5
3011,5,47,6,2,*,0.7,0.6
3012,5,48,7,2,91.2,92.1,92.1
3013,5,49,7,2,*,81.9,82
3014,5,50,7,2,*,91.3,91.3
3015,5,51,7,2,11.7,24.8,24.4
3016,5,52,7,2,2.8,4.5,4.4
3017,5,53,7,2,*,82.9,82.9
3018,5,54,7,2,*,56.7,55.9
3019,5,55,7,2,*,29.2,30.1
3020,5,56,7,2,*,17,16.7
3021,5,57,7,2,4.2,2.2,2.3
3022,5,58,7,2,*,68.3,70
3023,5,59,8,2,20.8,17.6,17.7
3024,5,60,8,2,*,41.1,41.3
3025,5,61,8,2,*,52.2,53
3026,5,62,8,2,*,12.3,12.6
3027,5,63,8,2,25.3,27.1,27
3028,5,64,8,2,10.5,13.3,13.2
3029,5,65,8,2,1.8,4.8,4.7
3030,5,66,8,2,16.8,21.1,21
3031,5,67,8,2,1.1,4.2,4.1
3032,5,68,8,2,58.9,58.8,58.8
3033,5,69,8,2,58.5,67.3,67
3034,5,70,8,2,86.5,83.4,83.5
3035,5,71,8,2,10.1,16.5,16.3
3036,5,72,8,2,3.6,11.1,10.9
3037,5,73,8,2,62,68.4,68.2
3038,5,74,8,2,*,65.2,65.2
3039,5,75,9,2,15.1,13.8,13.8
3040,5,76,9,2,*,17,16.4
3041,5,77,9,2,25.6,29.9,29.7
3042,5,78,9,2,*,26,26.5
3043,5,79,9,2,*,54.7,55
3044,5,80,9,2,55.7,63.1,62.8
3045,5,81,9,2,*,42.9,42.8
3046,5,82,9,2,56,42.1,42.6
3047,5,83,10,2,10.6,6.4,6.6
3048,5,84,10,2,15,14.2,14.2
3049,5,85,11,2,14.1,13.9,13.9
3050,5,86,11,2,17.8,24.1,23.8
3051,5,87,12,2,2.8,4.6,4.6
3052,5,88,12,2,35.5,33.6,33.7
3053,5,89,12,2,0.8,0.3,0.3
3054,5,90,12,2,28.6,25.4,25.5
3055,5,91,13,2,51.5,18.1,19
3056,5,92,13,2,0,100,100
3057,5,93,13,2,97.1,97.6,97.6
3058,5,94,13,2,*,96.5,96.5
3059,5,95,14,2,36.5,20.9,21.6
3060,5,96,14,2,20.6,24.8,24.6
3061,5,97,14,2,80.5,80.2,80.2
3062,5,98,14,2,52.4,61.3,60.9
3063,5,99,15,2,*,21,21.2
3064,5,100,15,2,*,10.8,10.9
3065,5,101,15,2,*,1.8,1.7
3066,5,102,15,2,NA,0.4,0.4
3067,5,103,16,2,86.1,91.3,91.1
3068,5,104,16,2,*,98,97.9
3069,5,105,16,2,83.6,90,89.7
3070,5,106,16,2,*,97.6,97.6
3071,5,107,16,2,11.3,25.1,24.5
3072,5,108,16,2,*,36.1,36.2
3073,5,109,17,2,23.1,23.7,23.7
3074,5,110,17,2,47.7,42.3,42.5
3075,5,111,17,2,4.9,2.5,2.6
3076,5,112,17,2,4,2.9,2.9
3077,5,113,17,2,4.5,4.8,4.8
3078,5,114,17,2,8.1,11,10.9
3079,9,1,1,2,990,1018,1017
3080,9,2,1,2,1033,931,933
3081,9,3,1,2,78.1,85,84.9
3082,9,4,1,2,59,67.6,67.5
3083,9,5,1,2,29.3,39.4,39.3
3084,9,6,1,2,20.6,15.8,15.8
3085,9,7,1,2,87.3,88.1,88.1
3086,9,8,1,2,48.4,34.2,34.4
3087,9,9,1,2,51.3,54.6,54.5
3088,9,10,1,2,79,90,89.8
3089,9,11,1,2,96,99.2,99.2
3090,9,12,1,2,64.8,75.5,75.3
3091,9,13,1,2,32.1,22.8,22.9
3092,9,14,1,2,34.6,49.8,49.5
3093,9,15,1,2,28.1,40.7,40.5
3094,9,16,1,2,61.8,78.3,78
3095,9,17,1,2,16.1,15.9,15.9
3096,9,18,1,2,0.7,0.7,0.7
3097,9,19,2,2,37.5,54.8,54.5
3098,9,20,2,2,91.2,95,94.9
3099,9,21,2,2,32.8,43.6,43.5
3100,9,22,2,2,18.7,30.8,30.6
3101,9,23,3,2,63.4,73,72.9
3102,9,24,3,2,57.1,62.5,62.4
3103,9,25,3,2,19.5,16.8,16.9
3104,9,26,3,2,0.1,0.1,0.1
3105,9,27,3,2,64.5,54.3,54.5
3106,9,28,3,2,14.7,12.8,12.8
3107,9,29,3,2,5.3,4.8,4.8
3108,9,30,4,2,6.7,2.8,2.9
3109,9,31,4,2,55.5,62.6,62.5
3110,9,32,4,2,28.7,42.6,42.4
3111,9,33,4,2,15.4,22.4,22.3
3112,9,34,4,2,6.3,11.9,11.8
3113,9,35,4,2,88.4,95.8,95.7
3114,9,36,4,2,48.8,60.9,60.7
3115,9,37,4,2,51.8,55.7,55.6
3116,9,38,4,2,60.4,64.1,64
3117,9,39,5,2,74.7,83.5,83.4
3118,9,40,5,2,58.5,57.7,57.7
3119,9,41,5,2,7.2,13.8,13.7
3120,9,42,5,2,24.2,28.5,28.4
3121,9,43,5,2,2.8,6.2,6.2
3122,9,44,5,2,50.9,43.8,43.9
3123,9,45,5,2,4712,6422,6396
3124,9,46,6,2,70.3,79.4,79.3
3125,9,47,6,2,0,1.1,1.1
3126,9,48,7,2,72.8,79.8,79.6
3127,9,49,7,2,41,56.9,56.6
3128,9,50,7,2,52.5,69.2,68.9
3129,9,51,7,2,31.8,35.5,35.4
3130,9,52,7,2,6.3,5.6,5.6
3131,9,53,7,2,73,78.3,78.2
3132,9,54,7,2,44.2,50.8,50.7
3133,9,55,7,2,29,28.4,28.5
3134,9,56,7,2,22.9,20,20
3135,9,57,7,2,3.7,3.5,3.5
3136,9,58,7,2,49.3,48.4,48.4
3137,9,59,8,2,25,20.1,20.2
3138,9,60,8,2,23.7,23.9,23.9
3139,9,61,8,2,55.1,59.9,59.8
3140,9,62,8,2,6.6,5.9,5.9
3141,9,63,8,2,47.1,39.6,39.7
3142,9,64,8,2,23.4,17.2,17.3
3143,9,65,8,2,11.3,7.2,7.3
3144,9,66,8,2,47.3,31.9,32.1
3145,9,67,8,2,3.2,3.1,3.1
3146,9,68,8,2,65.3,67.2,67.2
3147,9,69,8,2,56.2,61.9,61.8
3148,9,70,8,2,58.6,64.4,64.3
3149,9,71,8,2,19,24.4,24.3
3150,9,72,8,2,23.7,24.5,24.5
3151,9,73,8,2,52.3,57.7,57.6
3152,9,74,8,2,70.3,76.9,76.8
3153,9,75,9,2,22.3,18.9,19
3154,9,76,9,2,13.6,18,18
3155,9,77,9,2,15.6,21.4,21.3
3156,9,78,9,2,15.5,18.1,18
3157,9,79,9,2,46.9,51.8,51.7
3158,9,80,9,2,57,56.7,56.7
3159,9,81,9,2,43,46,45.9
3160,9,82,9,2,51,50.4,50.4
3161,9,83,10,2,5,6.2,6.2
3162,9,84,10,2,8.7,11.7,11.6
3163,9,85,11,2,11.2,11,11
3164,9,86,11,2,13.8,15.3,15.2
3165,9,87,12,2,12.4,8.4,8.4
3166,9,88,12,2,51.8,44,44.1
3167,9,89,12,2,0.7,0.3,0.3
3168,9,90,12,2,21.5,14.4,14.5
3169,9,91,13,2,34.5,40.9,40.8
3170,9,92,13,2,200,200,200
3171,9,93,13,2,91.6,96.3,96.2
3172,9,94,13,2,90.8,95.4,95.3
3173,9,95,14,2,16.9,15.5,15.5
3174,9,96,14,2,68.4,51.7,51.9
3175,9,97,14,2,75.5,75.4,75.4
3176,9,98,14,2,41.3,46.6,46.5
3177,9,99,15,2,43.5,37.6,37.7
3178,9,100,15,2,32.6,30.2,30.3
3179,9,101,15,2,2.1,3.8,3.8
3180,9,102,15,2,0.9,1.3,0.9
3181,9,103,16,2,83.5,86.8,86.7
3182,9,104,16,2,85.7,93.8,93.8
3183,9,105,16,2,81.3,82.7,82.6
3184,9,106,16,2,85.7,93.1,93
3185,9,107,16,2,5.9,13.2,13.1
3186,9,108,16,2,12.3,21.9,21.8
3187,9,109,17,2,32.7,29.8,29.9
3188,9,110,17,2,51.9,51.9,51.9
3189,9,111,17,2,2.2,2.8,2.8
3190,9,112,17,2,2.9,3.2,3.2
3191,9,113,17,2,5.3,4.5,4.5
3192,9,114,17,2,6,7.2,7.2
3193,19,1,1,2,1102,1046,1049
3194,19,2,1,2,991,992,992
3195,19,3,1,2,77.8,87,86.5
3196,19,4,1,2,60.1,77.9,76.9
3197,19,5,1,2,18.8,33.8,32.9
3198,19,6,1,2,39.9,41.7,41.6
3199,19,7,1,2,89.9,92.2,92
3200,19,8,1,2,56.5,40.7,41.6
3201,19,9,1,2,36.7,24.6,25.3
3202,19,10,1,2,87.5,97.6,97
3203,19,11,1,2,94.6,97.7,97.5
3204,19,12,1,2,54.2,85.2,83.4
3205,19,13,1,2,40.5,10.2,12
3206,19,14,1,2,15.7,41.8,40.2
3207,19,15,1,2,27.1,54.1,52.5
3208,19,16,1,2,24.2,48.2,46.8
3209,19,17,1,2,35.9,33.5,33.7
3210,19,18,1,2,1.1,1,1
3211,19,19,2,2,26.8,44.4,43.4
3212,19,20,2,2,86,93.8,93.3
3213,19,21,2,2,37,56.6,55.4
3214,19,22,2,2,8.1,26.5,25.5
3215,19,23,3,2,73.4,84.1,83.4
3216,19,24,3,2,65.4,74.9,74.4
3217,19,25,3,2,31.8,29.2,29.4
3218,19,26,3,2,0.5,0.1,0.1
3219,19,27,3,2,78.8,60.1,61
3220,19,28,3,2,9,6.9,7
3221,19,29,3,2,4.7,2.9,3
3222,19,30,4,2,16.8,16.4,16.4
3223,19,31,4,2,65.5,73,72.6
3224,19,32,4,2,71.1,76.7,76.4
3225,19,33,4,2,64.8,62.3,62.5
3226,19,34,4,2,45.1,48.1,47.9
3227,19,35,4,2,99.4,98.4,98.4
3228,19,36,4,2,76.1,72.4,72.6
3229,19,37,4,2,71.7,67.6,67.9
3230,19,38,4,2,88.1,79.2,79.7
3231,19,39,5,2,90.8,91.8,91.7
3232,19,40,5,2,85,71.6,72.4
3233,19,41,5,2,12.6,33.8,32.6
3234,19,42,5,2,33.7,33.5,33.5
3235,19,43,5,2,10.7,23.8,22.9
3236,19,44,5,2,42.5,34.8,35.2
3237,19,45,5,2,2559,6680,6463
3238,19,46,6,2,66.9,70.2,70
3239,19,47,6,2,5.1,6.7,6.6
3240,19,48,7,2,97.8,98.1,98.1
3241,19,49,7,2,69,75.9,75.6
3242,19,50,7,2,71.9,80.1,79.7
3243,19,51,7,2,32,32.9,32.8
3244,19,52,7,2,6.1,6.5,6.5
3245,19,53,7,2,91,83,83.5
3246,19,54,7,2,84,74.8,75.3
3247,19,55,7,2,12,37.3,36
3248,19,56,7,2,12,31,29.9
3249,19,57,7,2,2.8,2.8,2.8
3250,19,58,7,2,52.3,67.1,66.3
3251,19,59,8,2,14.7,19.2,19
3252,19,60,8,2,58.9,59.5,59.4
3253,19,61,8,2,56.6,53,53.2
3254,19,62,8,2,19,23.4,23.2
3255,19,63,8,2,37.7,33.5,33.8
3256,19,64,8,2,25.6,20,20.3
3257,19,65,8,2,9.1,7,7.1
3258,19,66,8,2,43.3,31.5,32.2
3259,19,67,8,2,2.2,4.4,4.3
3260,19,68,8,2,78.2,68.5,69.1
3261,19,69,8,2,82.4,77,77.3
3262,19,70,8,2,82.2,74.7,75.1
3263,19,71,8,2,16.7,20.1,19.9
3264,19,72,8,2,17.5,20.2,20.1
3265,19,73,8,2,76.1,72.4,72.6
3266,19,74,8,2,67.9,73.7,73.4
3267,19,75,9,2,22.7,14.3,14.8
3268,19,76,9,2,24.3,14.2,14.9
3269,19,77,9,2,11,23.4,22.7
3270,19,78,9,2,4.9,17.3,16.5
3271,19,79,9,2,38.1,58.4,57
3272,19,80,9,2,64.2,75.2,74.6
3273,19,81,9,2,71.1,61.6,62.2
3274,19,82,9,2,82.3,70.7,71.4
3275,19,83,10,2,8.6,13.3,13
3276,19,84,10,2,16.4,21.7,21.4
3277,19,85,11,2,11.2,12.1,12
3278,19,86,11,2,11.1,12.3,12.2
3279,19,87,12,2,20.4,10.2,10.8
3280,19,88,12,2,57.9,47.5,48.1
3281,19,89,12,2,7.2,0.7,1.1
3282,19,90,12,2,42.4,16.6,18
3283,19,91,13,2,85.1,87.9,87.8
3284,19,92,13,2,800,200,200
3285,19,93,13,2,92.7,95,94.8
3286,19,94,13,2,90.6,91.9,91.8
3287,19,95,14,2,40.7,18.9,20.2
3288,19,96,14,2,20.2,23.4,23.2
3289,19,97,14,2,74.8,76.6,76.5
3290,19,98,14,2,32.1,51.2,50.1
3291,19,99,15,2,34.6,27,27.4
3292,19,100,15,2,20.4,19.3,19.4
3293,19,101,15,2,2.5,3.3,3.2
3294,19,102,15,2,2.6,4.1,2.7
3295,19,103,16,2,63.1,82.1,81
3296,19,104,16,2,85.4,91.6,91.2
3297,19,105,16,2,61.3,81.4,80.3
3298,19,106,16,2,84.5,91.1,90.7
3299,19,107,16,2,14.4,18.8,18.5
3300,19,108,16,2,8.7,16,15.6
3301,19,109,17,2,31,24.4,24.8
3302,19,110,17,2,81.8,69.5,70.3
3303,19,111,17,2,4.4,6.2,6.1
3304,19,112,17,2,5.5,6.5,6.4
3305,19,113,17,2,3.8,2.9,2.9
3306,19,114,17,2,3.6,4.7,4.6
